timestamp,asset_id,speed,frequency,voltage,current,active_power,reactive_power,power_factor
2026-04-01 08:00:00,GEN001,2995,49.8,10.8,280,4.6,0.9,0.95
2026-04-01 08:00:00,GEN002,2988,49.6,10.5,340,4.0,1.2,0.9
2026-04-01 08:00:00,GEN003,2972,49.0,10.0,430,3.4,1.8,0.77
2026-04-01 08:00:00,GEN004,3000,50.0,11.0,250,4.9,0.7,0.98
2026-04-01 08:00:00,GEN005,2992,49.7,10.7,310,4.2,1.0,0.92
2026-04-01 08:00:00,GEN006,3001,50.0,11.0,260,4.8,0.6,0.99
2026-04-01 08:00:00,GEN007,2960,48.6,9.9,460,3.1,2.0,0.73
2026-04-01 08:00:00,GEN008,2980,49.4,10.4,360,3.9,1.4,0.88
2026-04-01 08:00:00,GEN009,2998,49.9,10.9,255,4.7,0.8,0.97
2026-04-01 08:00:00,GEN010,2950,48.3,9.6,490,2.8,2.2,0.66
