timestamp,asset_id,speed,frequency,voltage,current,active_power,reactive_power,power_factor,label
2026-01-01 01:10:00,GEN005,3000,50.0,11.0,251,5.0,0.5,1.0,Healthy
2026-01-01 03:20:00,GEN002,3000,50.0,11.1,252,4.7,0.7,0.98,Healthy
2026-01-01 06:30:00,GEN007,2995,49.9,11.0,252,5.0,0.6,0.97,Healthy
2026-01-01 06:45:00,GEN009,3000,50.1,11.0,272,4.7,0.6,0.98,Healthy
2026-01-01 10:25:00,GEN002,2988,49.8,10.7,297,4.2,1.0,0.96,Sub-Healthy
2026-01-01 12:35:00,GEN004,2990,49.7,10.8,288,4.6,1.0,0.94,Sub-Healthy
2026-01-01 13:45:00,GEN003,2993,49.7,10.8,315,4.4,0.8,0.95,Sub-Healthy
2026-01-01 16:20:00,GEN005,3002,50.0,11.0,275,4.7,0.6,1.0,Healthy
2026-01-01 17:10:00,GEN002,2967,48.8,9.1,520,3.1,2.0,0.71,Fault
2026-01-01 18:05:00,GEN005,2962,48.9,9.9,534,3.2,2.5,0.63,Fault
2026-01-01 18:35:00,GEN008,2944,49.2,9.9,486,2.7,1.8,0.75,Fault
2026-01-01 19:00:00,GEN008,2982,49.6,10.5,381,3.8,1.4,0.92,Abnormal
2026-01-01 21:45:00,GEN003,2988,49.8,10.8,293,4.3,1.0,0.93,Sub-Healthy
2026-01-01 23:35:00,GEN008,2985,49.7,10.8,284,4.3,0.9,0.94,Sub-Healthy
2026-01-01 23:45:00,GEN008,2977,49.2,10.3,396,3.9,1.2,0.87,Abnormal
2026-01-02 02:00:00,GEN002,2967,49.1,9.5,518,3.5,1.9,0.64,Fault
2026-01-02 02:25:00,GEN007,2979,49.3,10.7,340,4.1,1.2,0.9,Abnormal
2026-01-02 05:45:00,GEN005,3004,50.1,11.0,251,4.8,0.6,1.0,Healthy
2026-01-02 06:30:00,GEN007,2951,48.0,10.1,449,3.3,2.2,0.66,Fault
2026-01-02 11:00:00,GEN003,2994,49.8,10.7,282,4.4,1.1,0.96,Sub-Healthy
2026-01-02 12:20:00,GEN005,2980,49.5,10.3,385,3.7,1.4,0.86,Abnormal
2026-01-02 13:20:00,GEN009,2978,49.6,10.6,364,4.0,1.4,0.92,Abnormal
2026-01-02 14:30:00,GEN009,2983,49.2,10.3,332,4.0,1.6,0.89,Abnormal
2026-01-02 15:45:00,GEN010,2998,50.0,10.9,280,4.7,0.7,0.97,Healthy
2026-01-02 16:10:00,GEN005,2973,49.7,10.7,350,4.1,1.3,0.86,Abnormal
2026-01-02 16:40:00,GEN009,3003,49.9,11.0,280,4.8,0.6,0.99,Healthy
2026-01-02 20:20:00,GEN009,2981,49.2,10.7,347,4.0,1.2,0.91,Abnormal
2026-01-02 21:40:00,GEN010,2985,49.8,10.8,310,4.5,1.0,0.93,Sub-Healthy
2026-01-02 22:55:00,GEN006,2991,49.8,10.9,294,4.5,0.9,0.94,Sub-Healthy
2026-01-02 23:05:00,GEN005,2988,49.8,10.9,290,4.5,1.1,0.96,Sub-Healthy
2026-01-03 00:00:00,GEN004,2949,48.0,9.3,499,2.7,1.7,0.63,Fault
2026-01-03 00:05:00,GEN010,2989,49.7,10.9,298,4.5,1.0,0.95,Sub-Healthy
2026-01-03 02:20:00,GEN008,2992,49.8,10.9,306,4.5,1.0,0.96,Sub-Healthy
2026-01-03 03:15:00,GEN010,2992,49.8,10.8,287,4.4,1.1,0.97,Sub-Healthy
2026-01-03 06:25:00,GEN008,2981,49.5,10.6,366,3.9,1.2,0.91,Abnormal
2026-01-03 07:10:00,GEN002,3003,50.1,11.1,268,4.6,0.7,0.97,Healthy
2026-01-03 09:20:00,GEN009,3003,50.0,11.1,277,4.8,0.5,0.99,Healthy
2026-01-03 12:30:00,GEN010,2982,49.4,10.7,350,3.8,1.6,0.89,Abnormal
2026-01-03 16:20:00,GEN001,2982,49.3,10.3,373,4.0,1.5,0.86,Abnormal
2026-01-03 17:00:00,GEN006,2991,49.8,10.8,307,4.5,1.1,0.95,Sub-Healthy
2026-01-03 17:05:00,GEN008,2992,49.9,10.9,285,4.6,1.1,0.94,Sub-Healthy
2026-01-03 19:05:00,GEN004,2991,49.8,10.8,320,4.4,1.0,0.96,Sub-Healthy
2026-01-03 21:10:00,GEN001,2974,49.4,10.2,387,4.0,1.4,0.93,Abnormal
2026-01-03 21:25:00,GEN004,2979,49.3,10.5,325,3.9,1.3,0.88,Abnormal
2026-01-03 22:20:00,GEN001,2986,49.8,10.8,318,4.6,1.0,0.93,Sub-Healthy
2026-01-03 22:50:00,GEN008,2989,49.7,10.8,300,4.4,1.0,0.97,Sub-Healthy
2026-01-03 23:55:00,GEN003,3003,50.0,11.0,250,4.6,0.8,0.97,Healthy
2026-01-04 01:45:00,GEN009,2997,49.9,11.0,256,4.8,0.6,0.98,Healthy
2026-01-04 04:10:00,GEN003,2999,50.0,11.1,249,4.6,0.5,0.97,Healthy
2026-01-04 06:20:00,GEN007,2992,49.7,10.9,294,4.4,1.0,0.95,Sub-Healthy
2026-01-04 06:40:00,GEN008,2967,48.7,10.0,498,3.5,2.2,0.83,Fault
2026-01-04 08:10:00,GEN010,2998,50.0,11.1,258,4.8,0.7,0.98,Healthy
2026-01-04 08:25:00,GEN004,2989,49.9,10.8,310,4.6,1.0,0.95,Sub-Healthy
2026-01-04 09:30:00,GEN004,2991,49.8,10.7,288,4.4,0.8,0.96,Sub-Healthy
2026-01-04 11:40:00,GEN009,2998,50.0,11.0,272,5.0,0.6,0.98,Healthy
2026-01-04 12:10:00,GEN008,2972,49.2,10.3,341,3.7,1.2,0.91,Abnormal
2026-01-04 13:20:00,GEN009,2994,49.9,10.9,286,4.4,0.9,0.97,Sub-Healthy
2026-01-04 13:25:00,GEN004,2992,49.8,10.9,281,4.5,0.9,0.96,Sub-Healthy
2026-01-04 15:50:00,GEN002,2988,49.7,10.8,300,4.2,1.1,0.94,Sub-Healthy
2026-01-04 18:35:00,GEN001,2969,48.7,9.6,458,3.4,1.7,0.67,Fault
2026-01-04 19:25:00,GEN008,2999,50.0,10.9,257,5.0,0.5,0.98,Healthy
2026-01-04 19:40:00,GEN009,2988,49.8,10.7,319,4.5,0.9,0.94,Sub-Healthy
2026-01-04 19:50:00,GEN002,2999,50.0,11.1,262,4.7,0.6,0.98,Healthy
2026-01-04 21:15:00,GEN002,2995,50.1,10.9,267,4.9,0.7,0.99,Healthy
2026-01-05 00:50:00,GEN002,2981,49.6,10.2,393,4.0,1.4,0.85,Abnormal
2026-01-05 00:55:00,GEN006,2992,49.7,10.7,282,4.6,0.8,0.95,Sub-Healthy
2026-01-05 01:00:00,GEN002,2952,49.0,10.1,547,3.6,1.6,0.83,Fault
2026-01-05 03:00:00,GEN009,2977,49.6,10.5,324,3.7,1.2,0.92,Abnormal
2026-01-05 03:00:00,GEN007,2974,49.5,10.6,383,3.9,1.4,0.88,Abnormal
2026-01-05 03:15:00,GEN009,2987,49.8,10.9,287,4.2,0.9,0.96,Sub-Healthy
2026-01-05 06:00:00,GEN003,2993,49.8,10.9,310,4.5,1.0,0.96,Sub-Healthy
2026-01-05 06:15:00,GEN009,3002,49.9,11.0,269,4.7,0.7,0.99,Healthy
2026-01-05 08:15:00,GEN004,2986,49.8,10.7,307,4.5,0.8,0.95,Sub-Healthy
2026-01-05 11:20:00,GEN002,3002,50.0,11.1,266,4.9,0.8,0.99,Healthy
2026-01-05 15:05:00,GEN005,2989,49.8,10.8,307,4.5,0.9,0.94,Sub-Healthy
2026-01-05 15:40:00,GEN006,3001,50.0,11.0,258,4.7,0.6,0.99,Healthy
2026-01-05 15:45:00,GEN002,2991,49.7,10.8,295,4.2,1.0,0.93,Sub-Healthy
2026-01-05 16:10:00,GEN002,3004,50.1,11.0,244,4.7,0.8,0.99,Healthy
2026-01-05 22:35:00,GEN008,2998,50.0,10.9,249,4.7,0.5,0.98,Healthy
2026-01-06 00:00:00,GEN001,2978,49.4,10.2,399,3.8,1.2,0.87,Abnormal
2026-01-06 00:15:00,GEN009,2992,49.8,10.9,297,4.3,0.9,0.94,Sub-Healthy
2026-01-06 01:35:00,GEN009,2993,49.8,10.8,317,4.5,1.1,0.95,Sub-Healthy
2026-01-06 01:40:00,GEN002,3000,49.9,11.0,256,4.7,0.7,0.98,Healthy
2026-01-06 05:30:00,GEN003,2995,49.8,10.8,298,4.5,0.8,0.94,Sub-Healthy
2026-01-06 06:45:00,GEN007,3003,50.0,10.9,277,4.8,0.6,0.99,Healthy
2026-01-06 07:05:00,GEN008,2989,49.8,10.9,311,4.4,1.0,0.95,Sub-Healthy
2026-01-06 07:40:00,GEN001,3004,49.9,10.9,268,4.8,0.6,0.99,Healthy
2026-01-06 07:50:00,GEN009,2998,50.0,10.9,275,4.8,0.6,0.98,Healthy
2026-01-06 10:30:00,GEN002,2986,49.8,10.7,318,4.3,1.0,0.94,Sub-Healthy
2026-01-06 10:55:00,GEN003,2981,49.5,10.7,324,3.7,1.4,0.87,Abnormal
2026-01-06 12:00:00,GEN010,2987,49.8,10.8,319,4.3,0.9,0.94,Sub-Healthy
2026-01-06 12:20:00,GEN006,2980,49.6,10.7,333,4.1,1.5,0.85,Abnormal
2026-01-06 12:25:00,GEN001,2985,49.8,10.9,283,4.4,1.1,0.95,Sub-Healthy
2026-01-06 20:15:00,GEN003,3001,50.1,10.9,265,4.9,0.6,0.98,Healthy
2026-01-06 23:25:00,GEN002,2985,49.7,10.8,319,4.4,0.8,0.96,Sub-Healthy
2026-01-07 00:05:00,GEN007,2978,49.3,10.5,335,3.7,1.4,0.86,Abnormal
2026-01-07 00:40:00,GEN003,2980,49.2,10.4,377,3.8,1.3,0.91,Abnormal
2026-01-07 01:00:00,GEN008,2988,49.8,10.8,282,4.5,1.1,0.96,Sub-Healthy
2026-01-07 01:30:00,GEN003,3003,50.0,11.1,253,4.8,0.8,0.97,Healthy
2026-01-07 01:50:00,GEN002,2992,49.8,10.9,315,4.5,0.9,0.96,Sub-Healthy
2026-01-07 02:50:00,GEN006,2986,49.7,10.8,286,4.4,0.8,0.96,Sub-Healthy
2026-01-07 03:00:00,GEN002,2986,49.8,10.7,319,4.4,1.0,0.94,Sub-Healthy
2026-01-07 03:20:00,GEN009,2991,49.8,10.8,293,4.3,1.0,0.94,Sub-Healthy
2026-01-07 04:10:00,GEN005,2989,49.7,10.9,282,4.4,1.0,0.95,Sub-Healthy
2026-01-07 05:20:00,GEN008,2989,49.8,10.8,308,4.2,0.8,0.96,Sub-Healthy
2026-01-07 05:20:00,GEN003,2998,49.9,11.1,275,4.9,0.5,0.97,Healthy
2026-01-07 06:45:00,GEN004,2980,49.6,10.6,390,4.1,1.6,0.86,Abnormal
2026-01-07 09:50:00,GEN004,2988,49.7,10.8,295,4.5,0.9,0.95,Sub-Healthy
2026-01-07 10:00:00,GEN010,2980,49.7,10.3,345,3.7,1.6,0.89,Abnormal
2026-01-07 11:00:00,GEN005,2994,49.7,10.7,301,4.3,0.9,0.97,Sub-Healthy
2026-01-07 11:10:00,GEN006,2988,49.7,10.8,289,4.6,0.8,0.94,Sub-Healthy
2026-01-07 13:15:00,GEN001,2946,48.3,9.8,413,3.4,1.8,0.77,Fault
2026-01-07 14:35:00,GEN002,2971,49.4,10.4,376,4.1,1.2,0.89,Abnormal
2026-01-07 15:55:00,GEN002,2976,49.4,10.5,391,3.8,1.4,0.88,Abnormal
2026-01-07 15:55:00,GEN007,3004,50.0,11.1,243,4.9,0.8,1.0,Healthy
2026-01-07 18:00:00,GEN009,2994,49.8,10.7,287,4.6,0.9,0.96,Sub-Healthy
2026-01-07 18:45:00,GEN002,2998,50.0,11.0,250,4.6,0.7,0.97,Healthy
2026-01-07 23:55:00,GEN005,2996,50.0,11.0,247,5.0,0.6,1.0,Healthy
2026-01-08 00:05:00,GEN009,2988,49.8,10.9,299,4.5,0.9,0.94,Sub-Healthy
2026-01-08 00:45:00,GEN009,2978,49.4,10.2,366,4.1,1.2,0.92,Abnormal
2026-01-08 02:05:00,GEN003,2992,49.9,10.8,303,4.5,0.9,0.93,Sub-Healthy
2026-01-08 05:20:00,GEN009,3003,50.1,11.0,261,4.9,0.6,0.99,Healthy
2026-01-08 06:00:00,GEN007,3003,49.9,10.9,266,4.6,0.8,0.99,Healthy
2026-01-08 06:50:00,GEN001,2973,49.7,10.3,330,3.7,1.1,0.87,Abnormal
2026-01-08 10:30:00,GEN005,2974,49.7,10.6,399,4.2,1.6,0.91,Abnormal
2026-01-08 11:40:00,GEN003,2980,49.5,10.3,328,4.1,1.3,0.85,Abnormal
2026-01-08 11:50:00,GEN010,3000,50.1,10.9,263,5.0,0.6,1.0,Healthy
2026-01-08 15:35:00,GEN010,2998,50.0,10.9,271,4.8,0.6,0.98,Healthy
2026-01-08 19:15:00,GEN002,2995,50.1,11.0,278,4.7,0.8,1.0,Healthy
2026-01-08 21:25:00,GEN005,2972,49.5,10.4,337,4.0,1.4,0.89,Abnormal
2026-01-08 21:30:00,GEN008,2982,49.6,10.7,371,4.2,1.1,0.92,Abnormal
2026-01-08 22:55:00,GEN004,2993,49.8,10.9,305,4.4,0.9,0.94,Sub-Healthy
2026-01-09 00:05:00,GEN008,2993,49.9,10.8,304,4.5,1.0,0.97,Sub-Healthy
2026-01-09 01:45:00,GEN006,2975,49.3,10.6,379,3.9,1.5,0.87,Abnormal
2026-01-09 02:20:00,GEN007,2978,49.4,10.3,357,3.8,1.4,0.91,Abnormal
2026-01-09 03:50:00,GEN002,2987,49.8,10.9,292,4.6,0.9,0.96,Sub-Healthy
2026-01-09 06:25:00,GEN002,2985,49.8,10.9,293,4.4,0.9,0.93,Sub-Healthy
2026-01-09 07:30:00,GEN005,2985,49.3,10.5,369,4.0,1.5,0.9,Abnormal
2026-01-09 08:20:00,GEN009,3003,49.9,11.0,264,5.0,0.6,0.98,Healthy
2026-01-09 09:25:00,GEN008,2953,48.8,10.1,520,3.5,1.8,0.7,Fault
2026-01-09 10:05:00,GEN007,3004,49.9,11.1,266,4.8,0.7,0.99,Healthy
2026-01-09 11:05:00,GEN008,2994,49.8,10.7,286,4.4,0.8,0.97,Sub-Healthy
2026-01-09 11:45:00,GEN004,2997,50.0,10.9,254,4.6,0.6,1.0,Healthy
2026-01-09 13:15:00,GEN008,2985,49.8,10.8,307,4.3,1.0,0.96,Sub-Healthy
2026-01-09 13:35:00,GEN004,2987,49.7,10.9,300,4.2,1.0,0.94,Sub-Healthy
2026-01-09 15:00:00,GEN002,2957,48.2,9.3,405,2.7,2.5,0.85,Fault
2026-01-09 17:20:00,GEN010,2989,49.7,10.9,314,4.5,1.0,0.94,Sub-Healthy
2026-01-09 17:50:00,GEN010,2988,49.7,10.8,283,4.3,1.1,0.96,Sub-Healthy
2026-01-09 19:15:00,GEN010,2988,49.8,10.9,287,4.5,1.0,0.96,Sub-Healthy
2026-01-09 19:25:00,GEN001,3005,49.9,11.0,270,4.9,0.5,0.99,Healthy
2026-01-09 19:25:00,GEN005,2997,50.1,11.0,249,4.7,0.8,0.99,Healthy
2026-01-09 20:10:00,GEN005,3000,49.9,11.0,266,4.8,0.5,0.98,Healthy
2026-01-09 20:15:00,GEN009,2993,49.8,10.9,298,4.5,1.0,0.96,Sub-Healthy
2026-01-09 21:55:00,GEN003,2987,49.7,10.8,300,4.4,1.0,0.95,Sub-Healthy
2026-01-10 00:35:00,GEN001,2988,49.9,10.8,282,4.3,0.9,0.97,Sub-Healthy
2026-01-10 02:10:00,GEN010,2989,49.8,10.8,305,4.3,0.9,0.96,Sub-Healthy
2026-01-10 02:30:00,GEN007,2987,49.8,10.8,289,4.4,1.0,0.96,Sub-Healthy
2026-01-10 05:30:00,GEN003,2978,49.7,10.4,354,4.2,1.2,0.91,Abnormal
2026-01-10 05:35:00,GEN004,2975,49.3,10.4,389,4.1,1.3,0.87,Abnormal
2026-01-10 06:00:00,GEN001,3001,50.0,11.0,277,4.7,0.8,1.0,Healthy
2026-01-10 06:05:00,GEN010,2983,49.3,10.3,364,3.8,1.2,0.9,Abnormal
2026-01-10 06:15:00,GEN003,2989,49.8,10.8,295,4.4,0.8,0.96,Sub-Healthy
2026-01-10 08:55:00,GEN006,2990,49.9,10.8,313,4.2,0.9,0.93,Sub-Healthy
2026-01-10 10:20:00,GEN001,2992,49.8,10.8,289,4.4,0.9,0.96,Sub-Healthy
2026-01-10 10:20:00,GEN010,2988,49.9,10.7,283,4.4,1.0,0.96,Sub-Healthy
2026-01-10 12:00:00,GEN010,2990,49.8,10.8,289,4.3,0.9,0.94,Sub-Healthy
2026-01-10 13:00:00,GEN005,2972,49.3,10.7,373,4.2,1.2,0.92,Abnormal
2026-01-10 14:20:00,GEN006,2995,49.9,11.1,272,4.9,0.7,0.99,Healthy
2026-01-10 15:40:00,GEN008,2970,49.7,10.6,371,4.0,1.3,0.89,Abnormal
2026-01-10 17:05:00,GEN009,2978,49.4,10.2,331,3.8,1.3,0.93,Abnormal
2026-01-10 17:45:00,GEN010,2979,49.4,10.6,329,4.0,1.2,0.89,Abnormal
2026-01-10 18:40:00,GEN003,2988,49.7,10.8,315,4.6,1.1,0.95,Sub-Healthy
2026-01-10 20:10:00,GEN004,2972,49.5,10.4,384,4.2,1.5,0.9,Abnormal
2026-01-11 00:55:00,GEN004,2995,49.8,10.7,315,4.3,0.8,0.95,Sub-Healthy
2026-01-11 01:20:00,GEN008,2984,49.2,10.2,349,3.8,1.5,0.86,Abnormal
2026-01-11 01:55:00,GEN005,2989,49.9,10.7,313,4.2,0.9,0.93,Sub-Healthy
2026-01-11 02:15:00,GEN002,2988,49.8,10.7,283,4.5,0.9,0.94,Sub-Healthy
2026-01-11 05:10:00,GEN007,2999,50.0,11.0,261,4.7,0.5,0.97,Healthy
2026-01-11 06:15:00,GEN006,2958,48.8,9.4,432,2.9,2.2,0.77,Fault
2026-01-11 08:45:00,GEN008,2988,49.8,10.8,285,4.2,0.8,0.94,Sub-Healthy
2026-01-11 10:20:00,GEN006,2986,49.8,10.7,314,4.5,0.9,0.97,Sub-Healthy
2026-01-11 11:35:00,GEN002,2941,48.3,9.4,489,3.1,1.9,0.76,Fault
2026-01-11 16:20:00,GEN008,2991,49.9,10.8,312,4.4,1.0,0.97,Sub-Healthy
2026-01-11 19:10:00,GEN006,2986,49.7,10.9,315,4.6,1.1,0.95,Sub-Healthy
2026-01-11 19:25:00,GEN004,2997,49.9,11.0,241,4.7,0.7,1.0,Healthy
2026-01-11 20:30:00,GEN009,2999,50.1,11.0,249,4.7,0.7,0.99,Healthy
2026-01-11 23:05:00,GEN001,2987,49.8,10.8,309,4.6,1.0,0.95,Sub-Healthy
2026-01-12 00:10:00,GEN002,2984,49.7,10.6,336,3.8,1.5,0.86,Abnormal
2026-01-12 01:25:00,GEN008,2973,49.6,10.7,379,4.1,1.5,0.87,Abnormal
2026-01-12 01:50:00,GEN008,2991,49.8,10.8,308,4.2,1.1,0.95,Sub-Healthy
2026-01-12 03:30:00,GEN010,3001,50.1,11.1,277,4.7,0.8,0.99,Healthy
2026-01-12 03:40:00,GEN004,2972,49.3,10.7,335,3.8,1.4,0.88,Abnormal
2026-01-12 03:40:00,GEN009,2983,49.3,10.6,357,3.7,1.2,0.87,Abnormal
2026-01-12 04:00:00,GEN008,2987,49.7,10.9,320,4.5,0.8,0.94,Sub-Healthy
2026-01-12 08:30:00,GEN003,2979,49.7,10.6,346,4.1,1.2,0.9,Abnormal
2026-01-12 09:20:00,GEN004,2985,49.8,10.8,310,4.4,0.8,0.94,Sub-Healthy
2026-01-12 10:45:00,GEN004,3000,50.0,10.9,263,4.6,0.7,0.98,Healthy
2026-01-12 13:30:00,GEN010,2998,50.0,10.9,243,4.8,0.8,0.99,Healthy
2026-01-12 14:25:00,GEN010,2995,49.9,10.8,293,4.4,0.9,0.97,Sub-Healthy
2026-01-12 17:40:00,GEN009,2977,49.5,10.4,343,3.8,1.6,0.91,Abnormal
2026-01-12 18:25:00,GEN010,2964,48.1,9.8,472,3.2,1.6,0.83,Fault
2026-01-12 18:45:00,GEN005,2998,49.9,11.0,249,4.6,0.6,1.0,Healthy
2026-01-12 22:15:00,GEN001,2986,49.8,10.7,290,4.3,1.0,0.94,Sub-Healthy
2026-01-12 22:35:00,GEN010,2992,49.8,10.8,297,4.2,1.0,0.96,Sub-Healthy
2026-01-12 23:30:00,GEN003,2999,50.1,11.0,260,4.9,0.6,0.97,Healthy
2026-01-12 23:35:00,GEN004,2981,49.6,10.3,351,4.1,1.1,0.87,Abnormal
2026-01-13 00:10:00,GEN009,2990,49.8,10.8,315,4.4,1.1,0.96,Sub-Healthy
2026-01-13 00:55:00,GEN005,2993,49.9,10.8,318,4.4,0.9,0.93,Sub-Healthy
2026-01-13 03:45:00,GEN008,2998,49.9,11.0,241,4.7,0.5,0.98,Healthy
2026-01-13 06:45:00,GEN003,2993,49.8,10.7,311,4.4,0.9,0.96,Sub-Healthy
2026-01-13 07:50:00,GEN004,3000,50.0,11.1,242,4.6,0.7,0.99,Healthy
2026-01-13 11:20:00,GEN007,2994,49.9,10.9,296,4.3,1.0,0.94,Sub-Healthy
2026-01-13 13:40:00,GEN006,2946,48.8,9.7,423,3.6,1.9,0.61,Fault
2026-01-13 13:55:00,GEN010,2992,49.8,10.8,290,4.3,1.0,0.96,Sub-Healthy
2026-01-13 14:55:00,GEN004,2978,49.5,10.6,347,4.0,1.3,0.85,Abnormal
2026-01-13 16:25:00,GEN005,2979,49.5,10.4,389,4.1,1.2,0.91,Abnormal
2026-01-13 16:35:00,GEN010,2990,49.8,10.8,288,4.5,0.9,0.96,Sub-Healthy
2026-01-13 17:55:00,GEN002,2972,49.2,10.5,369,4.0,1.5,0.88,Abnormal
2026-01-13 18:55:00,GEN003,2999,49.9,11.0,250,4.7,0.5,0.99,Healthy
2026-01-13 23:05:00,GEN004,2991,49.7,10.9,290,4.5,1.0,0.95,Sub-Healthy
2026-01-14 01:00:00,GEN002,2990,49.8,10.8,309,4.3,1.0,0.96,Sub-Healthy
2026-01-14 04:55:00,GEN002,3003,50.0,11.1,265,4.8,0.6,0.98,Healthy
2026-01-14 07:25:00,GEN008,2976,49.4,10.4,399,4.0,1.4,0.85,Abnormal
2026-01-14 11:50:00,GEN008,2984,49.7,10.4,338,4.1,1.3,0.86,Abnormal
2026-01-14 12:05:00,GEN003,2986,49.8,10.7,311,4.3,1.0,0.96,Sub-Healthy
2026-01-14 12:15:00,GEN004,2973,49.3,10.3,348,4.1,1.3,0.88,Abnormal
2026-01-14 13:15:00,GEN010,2996,50.1,11.0,261,4.9,0.5,0.99,Healthy
2026-01-14 13:15:00,GEN009,2975,49.3,10.3,376,3.8,1.2,0.88,Abnormal
2026-01-14 14:10:00,GEN002,3005,50.1,11.0,263,4.8,0.7,0.97,Healthy
2026-01-14 14:45:00,GEN001,2980,49.7,10.4,323,4.0,1.4,0.85,Abnormal
2026-01-14 15:50:00,GEN006,2990,49.8,10.8,301,4.3,0.9,0.96,Sub-Healthy
2026-01-14 17:45:00,GEN010,2971,49.4,10.2,320,4.2,1.4,0.89,Abnormal
2026-01-14 18:30:00,GEN003,3001,49.9,11.1,248,4.6,0.8,0.98,Healthy
2026-01-14 18:55:00,GEN008,2993,49.7,10.8,287,4.5,0.9,0.94,Sub-Healthy
2026-01-14 19:35:00,GEN009,3003,50.0,11.0,268,5.0,0.5,0.98,Healthy
2026-01-14 19:40:00,GEN010,2978,49.4,10.6,380,3.8,1.4,0.88,Abnormal
2026-01-14 21:15:00,GEN009,3003,50.0,11.0,266,4.9,0.7,1.0,Healthy
2026-01-14 23:00:00,GEN001,2975,49.5,10.2,326,4.0,1.1,0.89,Abnormal
2026-01-14 23:05:00,GEN005,2982,49.3,10.5,344,3.7,1.2,0.86,Abnormal
2026-01-14 23:35:00,GEN008,2992,49.9,10.8,307,4.4,0.9,0.95,Sub-Healthy
2026-01-15 00:20:00,GEN009,2993,49.8,10.7,307,4.4,0.9,0.97,Sub-Healthy
2026-01-15 01:35:00,GEN006,2999,50.0,11.0,240,4.8,0.6,0.98,Healthy
2026-01-15 01:45:00,GEN004,2986,49.7,10.8,320,4.6,1.1,0.95,Sub-Healthy
2026-01-15 10:25:00,GEN008,2994,49.8,10.8,296,4.3,0.9,0.94,Sub-Healthy
2026-01-15 14:40:00,GEN004,2994,49.8,10.8,308,4.5,0.9,0.93,Sub-Healthy
2026-01-15 15:45:00,GEN002,2995,49.8,10.9,283,4.3,0.8,0.97,Sub-Healthy
2026-01-15 16:45:00,GEN001,2985,49.7,10.7,285,4.3,1.0,0.93,Sub-Healthy
2026-01-15 20:15:00,GEN003,3003,50.0,11.0,253,5.0,0.8,0.98,Healthy
2026-01-15 22:35:00,GEN006,2989,49.8,10.8,282,4.3,1.1,0.96,Sub-Healthy
2026-01-15 22:35:00,GEN009,2993,49.9,10.7,285,4.5,0.9,0.93,Sub-Healthy
2026-01-16 01:30:00,GEN005,3001,50.0,11.0,259,4.7,0.6,0.97,Healthy
2026-01-16 02:30:00,GEN009,2994,49.7,10.9,286,4.6,1.0,0.94,Sub-Healthy
2026-01-16 05:15:00,GEN007,3002,50.0,11.1,249,4.7,0.7,1.0,Healthy
2026-01-16 06:20:00,GEN010,2994,49.8,10.8,284,4.3,1.1,0.95,Sub-Healthy
2026-01-16 06:30:00,GEN003,2954,48.8,9.2,540,3.1,2.3,0.76,Fault
2026-01-16 06:50:00,GEN003,3005,50.0,11.0,254,4.6,0.6,0.99,Healthy
2026-01-16 07:05:00,GEN007,3001,49.9,11.0,250,4.8,0.7,0.97,Healthy
2026-01-16 07:50:00,GEN008,2997,50.0,11.1,275,4.6,0.6,0.99,Healthy
2026-01-16 16:40:00,GEN007,2995,49.8,10.7,299,4.4,0.8,0.95,Sub-Healthy
2026-01-16 17:00:00,GEN003,2985,49.5,10.2,376,3.8,1.5,0.88,Abnormal
2026-01-16 17:35:00,GEN002,2986,49.7,10.9,316,4.4,0.8,0.95,Sub-Healthy
2026-01-16 21:35:00,GEN001,2948,49.0,9.9,531,3.2,2.0,0.71,Fault
2026-01-16 21:55:00,GEN010,2998,50.1,11.0,269,4.7,0.5,0.99,Healthy
2026-01-16 22:15:00,GEN002,2960,48.9,10.0,547,3.3,2.3,0.73,Fault
2026-01-16 22:50:00,GEN010,2993,49.8,10.8,293,4.3,1.0,0.96,Sub-Healthy
2026-01-17 00:15:00,GEN007,3002,50.0,11.0,256,4.9,0.6,0.99,Healthy
2026-01-17 01:00:00,GEN001,2979,49.5,10.5,330,4.0,1.5,0.93,Abnormal
2026-01-17 01:45:00,GEN009,2982,49.6,10.4,368,3.9,1.4,0.89,Abnormal
2026-01-17 06:10:00,GEN005,2964,49.2,9.7,412,2.6,2.5,0.77,Fault
2026-01-17 06:15:00,GEN008,2970,49.6,10.3,335,3.9,1.2,0.9,Abnormal
2026-01-17 06:40:00,GEN008,3005,50.1,11.1,273,4.9,0.7,1.0,Healthy
2026-01-17 07:35:00,GEN004,2989,49.8,10.7,287,4.4,1.0,0.96,Sub-Healthy
2026-01-17 12:10:00,GEN009,2989,49.8,10.8,309,4.6,1.0,0.94,Sub-Healthy
2026-01-17 15:50:00,GEN007,2959,48.2,9.0,408,3.6,2.4,0.8,Fault
2026-01-17 17:40:00,GEN006,2972,49.2,10.5,382,3.7,1.5,0.91,Abnormal
2026-01-17 18:45:00,GEN010,2995,50.1,11.1,252,5.0,0.6,0.98,Healthy
2026-01-17 20:05:00,GEN001,2988,49.8,10.9,306,4.4,0.9,0.94,Sub-Healthy
2026-01-17 20:45:00,GEN001,3001,49.9,11.1,247,4.9,0.6,0.99,Healthy
2026-01-17 22:15:00,GEN002,2993,49.7,10.7,291,4.2,1.1,0.95,Sub-Healthy
2026-01-17 22:20:00,GEN005,2997,50.0,11.0,249,4.9,0.5,0.97,Healthy
2026-01-17 23:35:00,GEN010,2995,49.7,10.9,291,4.5,0.8,0.95,Sub-Healthy
2026-01-18 01:15:00,GEN008,2987,49.7,10.7,297,4.3,1.1,0.96,Sub-Healthy
2026-01-18 01:40:00,GEN003,2991,49.8,10.9,295,4.2,1.0,0.96,Sub-Healthy
2026-01-18 02:25:00,GEN008,2989,49.8,10.7,287,4.3,0.9,0.96,Sub-Healthy
2026-01-18 02:30:00,GEN008,2995,50.0,11.1,276,4.8,0.5,0.99,Healthy
2026-01-18 03:25:00,GEN003,3002,49.9,11.0,252,4.8,0.7,0.97,Healthy
2026-01-18 03:30:00,GEN008,2999,50.0,11.1,246,4.8,0.5,0.98,Healthy
2026-01-18 05:25:00,GEN010,2993,49.9,10.8,294,4.4,1.0,0.95,Sub-Healthy
2026-01-18 08:45:00,GEN009,2970,49.6,10.4,398,4.0,1.1,0.86,Abnormal
2026-01-18 11:10:00,GEN003,2990,49.8,10.7,286,4.5,1.1,0.96,Sub-Healthy
2026-01-18 13:40:00,GEN003,2993,49.9,10.8,286,4.5,1.0,0.95,Sub-Healthy
2026-01-18 15:45:00,GEN005,2985,49.8,10.7,295,4.3,1.0,0.96,Sub-Healthy
2026-01-18 16:20:00,GEN007,2954,48.3,9.6,533,3.5,2.0,0.67,Fault
2026-01-18 17:20:00,GEN004,2992,49.8,10.8,301,4.3,1.1,0.97,Sub-Healthy
2026-01-18 17:25:00,GEN004,2986,49.8,10.9,302,4.5,0.9,0.96,Sub-Healthy
2026-01-18 17:40:00,GEN008,3001,49.9,11.0,257,4.7,0.8,0.99,Healthy
2026-01-18 19:35:00,GEN010,2963,48.2,9.4,459,3.4,2.2,0.81,Fault
2026-01-18 19:55:00,GEN004,2991,49.8,10.8,307,4.6,1.0,0.95,Sub-Healthy
2026-01-18 23:25:00,GEN007,2981,49.2,10.6,378,3.9,1.5,0.91,Abnormal
2026-01-18 23:30:00,GEN006,2997,49.9,11.0,276,4.7,0.7,0.98,Healthy
2026-01-18 23:30:00,GEN005,2961,48.2,9.1,516,3.3,2.1,0.83,Fault
2026-01-19 00:20:00,GEN004,3005,50.1,11.0,250,4.8,0.7,0.98,Healthy
2026-01-19 02:50:00,GEN007,3003,50.0,11.1,250,4.7,0.5,0.99,Healthy
2026-01-19 03:15:00,GEN002,2991,49.8,10.7,284,4.5,1.1,0.93,Sub-Healthy
2026-01-19 04:30:00,GEN002,3000,50.0,11.0,241,4.7,0.7,0.99,Healthy
2026-01-19 05:10:00,GEN008,2988,49.9,10.8,309,4.4,1.0,0.96,Sub-Healthy
2026-01-19 06:00:00,GEN006,2978,49.6,10.3,382,4.0,1.2,0.87,Abnormal
2026-01-19 07:35:00,GEN007,2997,50.0,11.0,274,4.9,0.7,0.99,Healthy
2026-01-19 08:20:00,GEN006,2986,49.8,10.7,309,4.4,1.1,0.94,Sub-Healthy
2026-01-19 09:20:00,GEN003,2995,49.9,11.1,244,4.9,0.7,0.98,Healthy
2026-01-19 11:20:00,GEN003,2965,49.0,9.3,423,3.3,2.0,0.77,Fault
2026-01-19 14:05:00,GEN007,2992,49.8,10.8,286,4.3,0.9,0.95,Sub-Healthy
2026-01-19 16:10:00,GEN007,2996,50.0,11.0,254,4.8,0.5,0.99,Healthy
2026-01-19 19:20:00,GEN008,3002,50.1,11.1,272,4.8,0.5,0.98,Healthy
2026-01-19 21:30:00,GEN006,2987,49.8,10.8,289,4.4,0.8,0.95,Sub-Healthy
2026-01-19 22:40:00,GEN002,2995,49.8,10.8,294,4.4,1.0,0.95,Sub-Healthy
2026-01-19 23:30:00,GEN008,2976,49.4,10.7,387,4.2,1.1,0.87,Abnormal
2026-01-20 01:25:00,GEN003,2985,49.8,10.8,312,4.3,0.9,0.94,Sub-Healthy
2026-01-20 01:50:00,GEN002,2994,49.7,10.7,296,4.4,1.0,0.94,Sub-Healthy
2026-01-20 05:50:00,GEN003,2978,49.4,10.4,341,3.8,1.1,0.86,Abnormal
2026-01-20 07:35:00,GEN007,2972,49.4,10.6,365,3.8,1.5,0.9,Abnormal
2026-01-20 08:55:00,GEN006,2944,48.6,9.3,408,2.6,2.4,0.79,Fault
2026-01-20 09:25:00,GEN004,2948,48.8,10.0,515,3.3,2.1,0.61,Fault
2026-01-20 11:05:00,GEN001,3000,50.0,10.9,244,5.0,0.7,0.97,Healthy
2026-01-20 11:50:00,GEN003,2963,48.5,9.4,426,3.7,1.7,0.81,Fault
2026-01-20 12:30:00,GEN010,3005,49.9,11.0,270,5.0,0.8,0.99,Healthy
2026-01-20 18:15:00,GEN004,3003,49.9,10.9,270,4.8,0.6,1.0,Healthy
2026-01-20 22:15:00,GEN008,2963,48.9,10.1,546,3.4,1.7,0.7,Fault
2026-01-20 22:35:00,GEN001,2990,49.8,10.8,297,4.4,1.0,0.93,Sub-Healthy
2026-01-21 00:15:00,GEN002,2986,49.8,10.9,281,4.5,1.1,0.93,Sub-Healthy
2026-01-21 02:55:00,GEN009,3000,49.9,11.1,276,4.8,0.6,0.98,Healthy
2026-01-21 03:40:00,GEN001,2972,49.4,10.4,388,3.9,1.5,0.89,Abnormal
2026-01-21 04:40:00,GEN002,3001,49.9,11.1,244,4.6,0.8,0.99,Healthy
2026-01-21 05:40:00,GEN005,2997,49.9,11.1,264,4.7,0.7,0.98,Healthy
2026-01-21 08:00:00,GEN005,2997,49.9,11.1,270,4.8,0.5,0.97,Healthy
2026-01-21 08:45:00,GEN004,2993,49.7,10.9,310,4.3,1.0,0.96,Sub-Healthy
2026-01-21 09:40:00,GEN001,2998,50.1,10.9,253,4.7,0.6,0.99,Healthy
2026-01-21 09:45:00,GEN007,2982,49.6,10.4,375,3.8,1.4,0.88,Abnormal
2026-01-21 12:10:00,GEN005,3001,50.0,11.1,245,4.6,0.6,0.98,Healthy
2026-01-21 14:20:00,GEN006,3004,50.0,10.9,254,4.8,0.7,0.97,Healthy
2026-01-21 18:15:00,GEN002,2989,49.9,10.9,309,4.2,1.0,0.97,Sub-Healthy
2026-01-21 22:25:00,GEN002,2987,49.8,10.8,281,4.6,0.8,0.94,Sub-Healthy
2026-01-22 02:55:00,GEN003,2978,49.3,10.5,396,4.0,1.3,0.89,Abnormal
2026-01-22 07:15:00,GEN003,3004,49.9,11.0,249,4.8,0.7,0.99,Healthy
2026-01-22 08:00:00,GEN010,2985,49.3,10.2,365,3.9,1.3,0.85,Abnormal
2026-01-22 09:00:00,GEN008,2987,49.8,10.7,318,4.2,0.8,0.97,Sub-Healthy
2026-01-22 11:05:00,GEN008,2994,49.9,10.8,309,4.3,0.8,0.95,Sub-Healthy
2026-01-22 14:35:00,GEN003,2994,49.8,10.8,288,4.3,1.0,0.95,Sub-Healthy
2026-01-22 14:55:00,GEN003,3002,50.0,11.1,257,4.7,0.6,0.97,Healthy
2026-01-22 17:45:00,GEN006,2996,49.9,11.0,274,4.6,0.5,0.98,Healthy
2026-01-22 18:00:00,GEN007,3002,50.0,11.0,272,4.7,0.6,0.98,Healthy
2026-01-23 00:00:00,GEN004,2985,49.8,10.7,303,4.4,0.8,0.96,Sub-Healthy
2026-01-23 02:25:00,GEN002,2985,49.8,10.7,315,4.2,1.0,0.97,Sub-Healthy
2026-01-23 04:05:00,GEN010,2998,50.1,11.0,255,4.9,0.5,0.98,Healthy
2026-01-23 05:45:00,GEN009,2992,49.7,10.8,290,4.2,1.1,0.96,Sub-Healthy
2026-01-23 06:05:00,GEN007,2993,49.8,10.9,288,4.4,0.8,0.95,Sub-Healthy
2026-01-23 06:55:00,GEN005,2996,50.0,11.0,247,4.8,0.6,0.97,Healthy
2026-01-23 08:15:00,GEN006,2975,49.4,10.3,364,4.1,1.5,0.85,Abnormal
2026-01-23 09:10:00,GEN007,3004,50.1,11.0,277,4.8,0.5,0.97,Healthy
2026-01-23 11:55:00,GEN006,2994,49.7,10.8,293,4.3,1.0,0.94,Sub-Healthy
2026-01-23 12:55:00,GEN005,2997,50.0,10.9,272,4.7,0.7,1.0,Healthy
2026-01-23 13:50:00,GEN008,2990,49.8,10.8,315,4.4,0.9,0.93,Sub-Healthy
2026-01-23 15:00:00,GEN008,2986,49.9,10.7,281,4.4,0.8,0.93,Sub-Healthy
2026-01-23 19:05:00,GEN009,2974,49.4,10.3,365,3.8,1.2,0.89,Abnormal
2026-01-23 21:45:00,GEN002,2988,49.8,10.8,290,4.3,1.1,0.94,Sub-Healthy
2026-01-23 23:20:00,GEN007,2994,49.8,10.9,289,4.4,1.0,0.94,Sub-Healthy
2026-01-24 02:30:00,GEN001,2997,49.9,11.1,244,4.7,0.6,0.97,Healthy
2026-01-24 03:30:00,GEN007,3002,50.1,11.0,280,5.0,0.6,0.99,Healthy
2026-01-24 03:55:00,GEN008,2993,49.9,10.7,311,4.3,0.9,0.95,Sub-Healthy
2026-01-24 04:25:00,GEN003,3004,50.1,10.9,253,4.7,0.7,0.99,Healthy
2026-01-24 05:00:00,GEN004,2985,49.9,10.8,301,4.4,0.9,0.95,Sub-Healthy
2026-01-24 06:25:00,GEN004,2998,50.1,11.1,271,5.0,0.6,0.98,Healthy
2026-01-24 06:50:00,GEN004,2987,49.8,10.8,317,4.5,0.8,0.95,Sub-Healthy
2026-01-24 07:00:00,GEN006,3000,50.0,11.0,279,5.0,0.8,1.0,Healthy
2026-01-24 07:05:00,GEN006,2993,49.8,10.8,315,4.5,1.0,0.97,Sub-Healthy
2026-01-24 10:05:00,GEN007,2993,49.8,10.7,306,4.3,1.0,0.95,Sub-Healthy
2026-01-24 10:55:00,GEN005,2981,49.3,10.4,330,3.8,1.3,0.88,Abnormal
2026-01-24 11:05:00,GEN010,2995,49.7,10.9,304,4.3,1.0,0.93,Sub-Healthy
2026-01-24 12:15:00,GEN010,2996,50.0,10.9,256,4.8,0.7,0.99,Healthy
2026-01-24 13:40:00,GEN008,2990,49.9,10.9,296,4.6,1.1,0.95,Sub-Healthy
2026-01-24 14:05:00,GEN009,2988,49.8,10.7,305,4.5,0.8,0.94,Sub-Healthy
2026-01-24 15:25:00,GEN001,2976,49.4,10.6,374,4.1,1.3,0.87,Abnormal
2026-01-24 15:45:00,GEN008,2980,49.5,10.3,356,3.9,1.2,0.91,Abnormal
2026-01-24 16:15:00,GEN008,3003,50.0,11.1,252,5.0,0.7,0.99,Healthy
2026-01-24 16:45:00,GEN009,2987,49.8,10.8,317,4.5,1.0,0.93,Sub-Healthy
2026-01-24 17:00:00,GEN005,2992,49.9,10.8,311,4.5,0.8,0.95,Sub-Healthy
2026-01-24 17:05:00,GEN007,2989,49.8,10.9,295,4.5,0.9,0.96,Sub-Healthy
2026-01-24 19:25:00,GEN004,2976,49.5,10.5,399,3.8,1.6,0.88,Abnormal
2026-01-24 20:00:00,GEN009,2944,48.7,9.9,447,2.6,1.7,0.62,Fault
2026-01-24 20:50:00,GEN002,2988,49.7,10.8,308,4.4,0.9,0.95,Sub-Healthy
2026-01-24 21:45:00,GEN004,2994,49.8,10.8,299,4.3,0.9,0.96,Sub-Healthy
2026-01-24 22:05:00,GEN002,2985,49.8,10.9,294,4.4,1.0,0.94,Sub-Healthy
2026-01-24 22:10:00,GEN002,2986,49.9,10.8,291,4.6,0.8,0.94,Sub-Healthy
2026-01-25 04:40:00,GEN007,2994,49.7,10.7,308,4.4,1.1,0.93,Sub-Healthy
2026-01-25 05:15:00,GEN005,2985,49.8,10.9,312,4.5,0.9,0.96,Sub-Healthy
2026-01-25 06:05:00,GEN005,2993,49.8,10.7,313,4.3,0.9,0.96,Sub-Healthy
2026-01-25 06:10:00,GEN004,2974,49.5,10.5,387,4.2,1.3,0.86,Abnormal
2026-01-25 07:55:00,GEN002,2973,49.5,10.6,374,3.8,1.5,0.86,Abnormal
2026-01-25 08:50:00,GEN007,2984,49.6,10.6,378,3.9,1.2,0.88,Abnormal
2026-01-25 13:35:00,GEN005,2988,49.8,10.8,318,4.3,0.9,0.96,Sub-Healthy
2026-01-25 15:35:00,GEN005,2976,49.6,10.4,329,3.8,1.4,0.86,Abnormal
2026-01-25 17:20:00,GEN009,2973,49.4,10.6,362,3.8,1.3,0.9,Abnormal
2026-01-25 18:00:00,GEN007,2986,49.9,10.9,292,4.5,0.9,0.94,Sub-Healthy
2026-01-25 18:10:00,GEN007,2992,49.8,10.7,309,4.5,1.0,0.94,Sub-Healthy
2026-01-25 19:55:00,GEN005,2984,49.7,10.4,396,3.8,1.2,0.86,Abnormal
2026-01-25 21:20:00,GEN003,2978,49.2,10.6,346,3.8,1.2,0.87,Abnormal
2026-01-26 03:20:00,GEN005,2998,50.1,11.1,257,5.0,0.5,0.97,Healthy
2026-01-26 03:40:00,GEN002,2973,49.4,10.4,330,3.9,1.5,0.86,Abnormal
2026-01-26 04:00:00,GEN010,2964,48.0,9.0,469,2.8,2.1,0.61,Fault
2026-01-26 10:50:00,GEN006,2998,49.9,11.1,248,4.7,0.6,0.98,Healthy
2026-01-26 14:35:00,GEN006,2955,48.5,9.1,478,2.6,1.7,0.63,Fault
2026-01-26 15:10:00,GEN002,2997,50.0,10.9,275,4.7,0.5,0.97,Healthy
2026-01-26 15:40:00,GEN001,2984,49.6,10.2,390,4.2,1.5,0.86,Abnormal
2026-01-26 15:50:00,GEN006,2989,49.9,10.8,284,4.5,1.1,0.97,Sub-Healthy
2026-01-26 19:00:00,GEN002,2996,50.0,11.1,260,4.8,0.7,0.98,Healthy
2026-01-26 19:40:00,GEN001,2999,50.0,11.1,267,4.8,0.6,0.99,Healthy
2026-01-26 20:55:00,GEN009,3003,49.9,10.9,251,4.8,0.8,0.99,Healthy
2026-01-26 22:10:00,GEN005,2986,49.8,10.9,305,4.3,1.0,0.94,Sub-Healthy
2026-01-27 01:25:00,GEN003,2984,49.5,10.5,361,3.7,1.3,0.87,Abnormal
2026-01-27 02:00:00,GEN009,2972,49.2,10.4,376,4.1,1.4,0.86,Abnormal
2026-01-27 02:00:00,GEN004,2972,49.2,10.6,325,3.8,1.5,0.91,Abnormal
2026-01-27 03:35:00,GEN008,3002,49.9,11.0,274,4.6,0.7,0.99,Healthy
2026-01-27 04:25:00,GEN008,2997,49.9,10.9,274,4.7,0.7,1.0,Healthy
2026-01-27 04:45:00,GEN006,2999,49.9,10.9,265,5.0,0.8,0.99,Healthy
2026-01-27 05:35:00,GEN010,2985,49.7,10.8,283,4.4,0.8,0.96,Sub-Healthy
2026-01-27 07:20:00,GEN003,2996,50.1,11.0,272,4.9,0.7,0.97,Healthy
2026-01-27 08:20:00,GEN006,2995,49.7,10.9,296,4.5,1.0,0.95,Sub-Healthy
2026-01-27 08:50:00,GEN008,2999,49.9,11.1,253,5.0,0.7,0.99,Healthy
2026-01-27 12:55:00,GEN007,2984,49.6,10.6,399,4.0,1.6,0.93,Abnormal
2026-01-27 13:10:00,GEN005,2968,48.3,9.6,426,2.6,1.7,0.78,Fault
2026-01-27 14:15:00,GEN005,2994,49.8,10.7,306,4.2,0.8,0.96,Sub-Healthy
2026-01-27 16:45:00,GEN001,2995,49.7,10.7,287,4.5,1.0,0.94,Sub-Healthy
2026-01-27 17:10:00,GEN005,2990,49.8,10.8,300,4.3,1.0,0.96,Sub-Healthy
2026-01-27 18:20:00,GEN003,3002,50.0,10.9,274,4.8,0.8,0.97,Healthy
2026-01-27 22:05:00,GEN005,2985,49.8,10.8,294,4.4,1.0,0.94,Sub-Healthy
2026-01-27 22:35:00,GEN003,2990,49.8,10.9,295,4.6,1.0,0.96,Sub-Healthy
2026-01-28 00:35:00,GEN003,3000,50.1,11.0,271,4.9,0.7,0.98,Healthy
2026-01-28 01:45:00,GEN003,2984,49.4,10.5,384,3.7,1.4,0.9,Abnormal
2026-01-28 03:00:00,GEN009,3002,49.9,10.9,268,4.7,0.6,0.99,Healthy
2026-01-28 06:50:00,GEN004,3005,49.9,11.0,271,4.6,0.6,0.98,Healthy
2026-01-28 07:10:00,GEN010,2975,49.3,10.3,359,4.0,1.3,0.87,Abnormal
2026-01-28 07:25:00,GEN004,3004,50.0,11.1,277,4.6,0.6,0.99,Healthy
2026-01-28 07:45:00,GEN001,2988,49.9,10.8,290,4.3,0.9,0.96,Sub-Healthy
2026-01-28 11:50:00,GEN007,2982,49.4,10.3,359,3.8,1.4,0.89,Abnormal
2026-01-28 13:10:00,GEN003,2982,49.6,10.6,324,3.9,1.5,0.88,Abnormal
2026-01-28 13:10:00,GEN008,3000,49.9,11.0,244,4.9,0.8,0.98,Healthy
2026-01-28 15:10:00,GEN006,2990,49.7,10.7,311,4.2,0.9,0.95,Sub-Healthy
2026-01-28 15:35:00,GEN003,2971,49.3,10.2,329,4.2,1.2,0.91,Abnormal
2026-01-28 16:15:00,GEN009,2985,49.7,10.7,302,4.3,1.0,0.94,Sub-Healthy
2026-01-28 16:25:00,GEN010,2989,49.7,10.7,313,4.3,0.8,0.95,Sub-Healthy
2026-01-28 16:30:00,GEN007,2973,49.3,10.5,330,4.0,1.6,0.88,Abnormal
2026-01-28 16:40:00,GEN009,2997,50.0,11.0,275,4.9,0.7,0.98,Healthy
2026-01-28 17:25:00,GEN002,2998,50.0,11.0,266,4.8,0.6,1.0,Healthy
2026-01-28 18:15:00,GEN002,2994,49.8,10.7,302,4.5,1.1,0.94,Sub-Healthy
2026-01-28 20:20:00,GEN008,2997,50.0,11.1,247,4.7,0.7,0.99,Healthy
2026-01-28 21:50:00,GEN006,2992,49.9,10.8,304,4.3,1.0,0.93,Sub-Healthy
2026-01-28 22:30:00,GEN002,2988,49.8,10.7,305,4.5,1.0,0.95,Sub-Healthy
2026-01-29 02:20:00,GEN010,2999,49.9,11.0,243,4.6,0.7,0.98,Healthy
2026-01-29 03:10:00,GEN008,2993,49.7,10.8,300,4.5,1.0,0.96,Sub-Healthy
2026-01-29 04:20:00,GEN010,2975,49.4,10.6,324,3.9,1.1,0.92,Abnormal
2026-01-29 07:15:00,GEN002,2970,49.6,10.3,364,4.0,1.1,0.89,Abnormal
2026-01-29 07:25:00,GEN009,2989,49.8,10.9,306,4.4,1.1,0.93,Sub-Healthy
2026-01-29 07:45:00,GEN003,2989,49.9,10.8,300,4.4,0.9,0.96,Sub-Healthy
2026-01-29 11:20:00,GEN009,2993,49.7,10.8,303,4.3,1.1,0.94,Sub-Healthy
2026-01-29 11:40:00,GEN005,2991,49.9,10.7,294,4.6,0.9,0.94,Sub-Healthy
2026-01-29 13:45:00,GEN004,3004,50.0,10.9,257,4.8,0.5,0.99,Healthy
2026-01-29 19:30:00,GEN006,2977,49.5,10.5,381,3.8,1.5,0.92,Abnormal
2026-01-29 21:00:00,GEN004,3003,50.1,10.9,278,4.6,0.6,1.0,Healthy
2026-01-30 00:25:00,GEN006,2972,49.5,10.4,394,4.1,1.2,0.86,Abnormal
2026-01-30 00:30:00,GEN004,2987,49.8,10.8,300,4.4,0.9,0.93,Sub-Healthy
2026-01-30 02:15:00,GEN007,2987,49.7,10.9,311,4.3,1.1,0.94,Sub-Healthy
2026-01-30 03:10:00,GEN004,2948,48.2,10.2,430,2.7,2.2,0.68,Fault
2026-01-30 03:35:00,GEN008,2997,50.0,11.0,260,4.8,0.8,0.99,Healthy
2026-01-30 05:10:00,GEN003,2990,49.7,10.8,285,4.2,0.9,0.95,Sub-Healthy
2026-01-30 05:10:00,GEN002,2987,49.8,10.9,286,4.6,0.9,0.95,Sub-Healthy
2026-01-30 05:40:00,GEN010,2987,49.9,10.9,301,4.6,0.8,0.95,Sub-Healthy
2026-01-30 06:50:00,GEN005,2995,49.7,10.8,302,4.2,1.0,0.94,Sub-Healthy
2026-01-30 08:35:00,GEN002,2972,49.5,10.5,388,4.0,1.6,0.92,Abnormal
2026-01-30 08:40:00,GEN008,2994,49.8,10.8,296,4.3,0.9,0.94,Sub-Healthy
2026-01-30 10:05:00,GEN004,2986,49.9,10.7,313,4.5,1.0,0.95,Sub-Healthy
2026-01-30 10:10:00,GEN001,2964,48.2,10.2,503,2.6,2.2,0.75,Fault
2026-01-30 11:15:00,GEN002,2991,49.8,10.8,284,4.4,0.9,0.96,Sub-Healthy
2026-01-30 12:00:00,GEN008,2990,49.8,10.9,319,4.5,1.0,0.94,Sub-Healthy
2026-01-30 12:15:00,GEN008,3001,50.0,11.0,280,4.7,0.7,0.97,Healthy
2026-01-30 13:55:00,GEN009,2990,49.8,10.8,304,4.3,0.9,0.96,Sub-Healthy
2026-01-30 15:00:00,GEN010,2992,49.8,10.7,293,4.4,1.0,0.96,Sub-Healthy
2026-01-30 16:15:00,GEN008,3002,49.9,11.0,257,4.7,0.7,0.98,Healthy
2026-01-30 16:20:00,GEN006,2976,49.7,10.3,353,4.2,1.2,0.86,Abnormal
2026-01-30 17:10:00,GEN008,3001,50.0,11.0,246,4.7,0.6,0.99,Healthy
2026-01-30 18:10:00,GEN001,2996,50.0,11.0,243,4.9,0.7,1.0,Healthy
2026-01-30 18:15:00,GEN009,2995,50.0,11.1,276,4.6,0.6,0.98,Healthy
2026-01-30 19:50:00,GEN004,2999,50.1,11.0,249,4.8,0.5,1.0,Healthy
2026-01-30 21:25:00,GEN010,3004,50.0,11.1,279,4.9,0.5,0.99,Healthy
2026-01-31 00:10:00,GEN006,2999,50.0,10.9,254,4.8,0.6,0.99,Healthy
2026-01-31 00:25:00,GEN002,2987,49.7,10.7,281,4.3,1.1,0.96,Sub-Healthy
2026-01-31 03:20:00,GEN001,3004,50.0,10.9,252,4.7,0.6,0.97,Healthy
2026-01-31 03:40:00,GEN004,2972,49.5,10.3,325,3.9,1.4,0.92,Abnormal
2026-01-31 04:35:00,GEN007,2989,49.8,10.8,315,4.5,0.9,0.94,Sub-Healthy
2026-01-31 04:55:00,GEN010,3000,50.1,11.1,258,4.7,0.8,0.97,Healthy
2026-01-31 05:20:00,GEN008,3005,50.0,11.0,248,4.7,0.8,0.98,Healthy
2026-01-31 06:20:00,GEN002,2991,49.9,10.8,314,4.5,0.8,0.97,Sub-Healthy
2026-01-31 07:45:00,GEN008,2993,49.9,10.7,290,4.3,0.8,0.95,Sub-Healthy
2026-01-31 08:10:00,GEN002,2989,49.7,10.8,311,4.6,1.0,0.94,Sub-Healthy
2026-01-31 09:40:00,GEN001,2995,49.9,10.8,289,4.4,1.0,0.96,Sub-Healthy
2026-01-31 12:15:00,GEN003,3004,49.9,11.0,259,4.9,0.8,1.0,Healthy
2026-01-31 12:15:00,GEN002,2988,49.9,10.7,285,4.4,1.0,0.94,Sub-Healthy
2026-01-31 12:40:00,GEN003,2992,49.8,10.7,291,4.3,0.9,0.96,Sub-Healthy
2026-01-31 13:45:00,GEN004,2987,49.8,10.7,291,4.4,0.9,0.95,Sub-Healthy
2026-01-31 15:15:00,GEN008,2991,49.7,10.8,303,4.4,1.0,0.96,Sub-Healthy
2026-01-31 16:15:00,GEN001,3003,50.0,11.0,241,4.8,0.6,0.98,Healthy
2026-01-31 17:40:00,GEN007,2994,49.8,10.8,314,4.6,1.1,0.94,Sub-Healthy
2026-01-31 18:00:00,GEN001,2991,49.8,10.8,306,4.6,0.9,0.96,Sub-Healthy
2026-01-31 20:05:00,GEN010,3003,50.0,10.9,243,5.0,0.6,0.98,Healthy
2026-01-31 21:20:00,GEN004,2940,49.2,9.6,459,3.1,2.1,0.72,Fault
2026-01-31 23:00:00,GEN005,2947,48.4,9.5,490,3.6,2.1,0.78,Fault
2026-01-31 23:45:00,GEN002,3000,50.0,11.0,269,4.7,0.6,0.99,Healthy
2026-02-01 00:50:00,GEN003,2980,49.6,10.3,388,3.7,1.3,0.89,Abnormal
2026-02-01 02:00:00,GEN002,2998,50.0,11.0,278,4.8,0.8,0.98,Healthy
2026-02-01 03:25:00,GEN007,2982,49.3,10.3,353,3.9,1.5,0.93,Abnormal
2026-02-01 06:55:00,GEN010,2994,49.8,10.7,280,4.4,1.1,0.95,Sub-Healthy
2026-02-01 07:40:00,GEN001,2988,49.9,10.8,317,4.3,0.8,0.96,Sub-Healthy
2026-02-01 08:40:00,GEN009,2991,49.8,10.8,314,4.4,1.1,0.96,Sub-Healthy
2026-02-01 09:30:00,GEN006,2993,49.8,10.7,302,4.2,0.9,0.96,Sub-Healthy
2026-02-01 11:00:00,GEN003,2991,49.7,10.8,294,4.6,1.0,0.95,Sub-Healthy
2026-02-01 11:30:00,GEN001,2983,49.3,10.7,352,4.1,1.6,0.91,Abnormal
2026-02-01 11:35:00,GEN006,3001,49.9,10.9,247,4.6,0.7,0.97,Healthy
2026-02-01 14:35:00,GEN001,3005,50.0,11.0,265,5.0,0.7,1.0,Healthy
2026-02-01 15:30:00,GEN005,2946,48.5,10.0,520,2.7,2.2,0.81,Fault
2026-02-01 16:10:00,GEN006,2993,49.7,10.7,313,4.4,1.0,0.96,Sub-Healthy
2026-02-01 16:30:00,GEN004,2998,50.0,11.0,280,4.7,0.8,1.0,Healthy
2026-02-01 16:45:00,GEN005,2973,49.3,10.5,359,4.0,1.3,0.92,Abnormal
2026-02-01 16:55:00,GEN005,3003,50.0,11.0,266,4.7,0.7,1.0,Healthy
2026-02-01 18:30:00,GEN009,2995,49.7,10.8,304,4.2,0.9,0.94,Sub-Healthy
2026-02-01 19:00:00,GEN001,2981,49.3,10.6,377,3.7,1.1,0.87,Abnormal
2026-02-01 23:05:00,GEN004,2998,50.1,11.1,250,4.8,0.6,0.99,Healthy
2026-02-01 23:15:00,GEN003,2973,49.6,10.5,363,4.0,1.5,0.9,Abnormal
2026-02-02 07:30:00,GEN009,2987,49.9,10.7,315,4.5,0.9,0.94,Sub-Healthy
2026-02-02 07:50:00,GEN010,2999,49.9,11.0,256,4.6,0.8,0.97,Healthy
2026-02-02 08:50:00,GEN007,2975,49.6,10.5,353,3.9,1.2,0.91,Abnormal
2026-02-02 09:35:00,GEN003,2985,49.8,10.8,290,4.4,0.8,0.96,Sub-Healthy
2026-02-02 12:20:00,GEN004,2990,49.8,10.8,283,4.5,0.8,0.95,Sub-Healthy
2026-02-02 20:30:00,GEN002,3005,49.9,10.9,254,4.7,0.5,0.98,Healthy
2026-02-02 23:30:00,GEN007,3002,50.1,11.0,273,4.7,0.6,1.0,Healthy
2026-02-02 23:35:00,GEN003,3000,50.0,10.9,270,5.0,0.5,1.0,Healthy
2026-02-02 23:45:00,GEN003,2973,49.4,10.4,329,4.0,1.4,0.9,Abnormal
2026-02-03 03:35:00,GEN002,2997,50.1,10.9,253,4.7,0.6,0.98,Healthy
2026-02-03 04:45:00,GEN004,2987,49.8,10.8,311,4.4,0.9,0.96,Sub-Healthy
2026-02-03 05:00:00,GEN006,2989,49.8,10.8,316,4.3,1.0,0.96,Sub-Healthy
2026-02-03 06:15:00,GEN005,2980,49.4,10.6,359,4.2,1.6,0.86,Abnormal
2026-02-03 10:35:00,GEN009,2982,49.3,10.5,397,3.9,1.1,0.92,Abnormal
2026-02-03 13:00:00,GEN010,2985,49.8,10.7,320,4.3,0.9,0.94,Sub-Healthy
2026-02-03 15:10:00,GEN002,3002,49.9,11.1,278,4.7,0.7,0.99,Healthy
2026-02-03 16:50:00,GEN002,2994,49.7,10.8,307,4.2,1.0,0.97,Sub-Healthy
2026-02-03 21:40:00,GEN005,2987,49.9,10.8,310,4.6,1.0,0.95,Sub-Healthy
2026-02-03 22:15:00,GEN007,2994,49.8,10.8,285,4.6,1.1,0.93,Sub-Healthy
2026-02-04 00:05:00,GEN009,2990,49.8,10.9,283,4.2,0.8,0.95,Sub-Healthy
2026-02-04 00:50:00,GEN005,2997,50.0,11.1,273,4.9,0.6,0.99,Healthy
2026-02-04 01:45:00,GEN003,2992,49.9,10.8,300,4.3,0.9,0.97,Sub-Healthy
2026-02-04 02:20:00,GEN008,2960,48.5,9.9,408,3.2,1.7,0.77,Fault
2026-02-04 02:40:00,GEN007,2991,49.8,10.7,308,4.3,0.8,0.94,Sub-Healthy
2026-02-04 02:55:00,GEN005,3000,49.9,11.1,247,4.6,0.6,0.99,Healthy
2026-02-04 04:50:00,GEN006,2968,48.8,9.7,459,2.5,1.8,0.64,Fault
2026-02-04 05:40:00,GEN008,2986,49.9,10.9,315,4.5,1.0,0.95,Sub-Healthy
2026-02-04 10:30:00,GEN004,2947,48.9,9.3,411,2.5,2.0,0.75,Fault
2026-02-04 11:50:00,GEN009,2955,49.1,10.2,454,2.7,1.9,0.66,Fault
2026-02-04 14:50:00,GEN008,2997,49.9,11.1,267,4.9,0.6,0.99,Healthy
2026-02-04 15:55:00,GEN002,2989,49.8,10.8,290,4.6,0.9,0.94,Sub-Healthy
2026-02-04 17:35:00,GEN003,2995,49.9,10.7,291,4.3,1.1,0.94,Sub-Healthy
2026-02-04 22:20:00,GEN002,2994,49.9,10.8,292,4.3,1.1,0.96,Sub-Healthy
2026-02-05 01:45:00,GEN004,3003,50.0,10.9,242,4.7,0.6,0.98,Healthy
2026-02-05 02:05:00,GEN005,3005,50.1,11.1,272,4.7,0.7,0.99,Healthy
2026-02-05 02:05:00,GEN004,3000,50.0,11.0,258,4.9,0.8,1.0,Healthy
2026-02-05 04:25:00,GEN008,2971,49.2,10.2,362,3.8,1.5,0.92,Abnormal
2026-02-05 06:20:00,GEN002,3003,50.1,11.0,269,4.7,0.7,0.97,Healthy
2026-02-05 07:05:00,GEN008,2989,49.9,10.9,317,4.3,1.0,0.95,Sub-Healthy
2026-02-05 08:15:00,GEN005,2975,49.2,10.4,336,4.0,1.6,0.92,Abnormal
2026-02-05 11:10:00,GEN009,2986,49.8,10.9,312,4.3,1.0,0.96,Sub-Healthy
2026-02-05 13:45:00,GEN008,2982,49.6,10.5,350,4.0,1.5,0.92,Abnormal
2026-02-05 16:05:00,GEN006,2990,49.9,10.8,295,4.5,1.1,0.96,Sub-Healthy
2026-02-05 18:20:00,GEN002,2971,49.6,10.4,361,3.9,1.3,0.9,Abnormal
2026-02-05 23:35:00,GEN007,2976,49.3,10.3,368,4.0,1.2,0.92,Abnormal
2026-02-06 01:05:00,GEN008,2978,49.2,10.4,393,4.1,1.1,0.92,Abnormal
2026-02-06 02:10:00,GEN007,3002,49.9,11.0,277,4.6,0.6,0.99,Healthy
2026-02-06 03:40:00,GEN004,2986,49.9,10.8,280,4.6,0.8,0.95,Sub-Healthy
2026-02-06 04:15:00,GEN003,2952,48.6,9.6,544,3.3,2.5,0.67,Fault
2026-02-06 04:45:00,GEN001,3000,49.9,10.9,264,4.8,0.5,0.98,Healthy
2026-02-06 06:55:00,GEN005,3004,50.1,10.9,247,4.8,0.6,0.99,Healthy
2026-02-06 07:00:00,GEN006,2987,49.9,10.8,296,4.4,1.0,0.97,Sub-Healthy
2026-02-06 17:55:00,GEN001,2987,49.9,10.9,310,4.2,0.9,0.95,Sub-Healthy
2026-02-06 19:30:00,GEN010,2991,49.8,10.8,293,4.5,1.0,0.94,Sub-Healthy
2026-02-06 20:05:00,GEN002,2986,49.8,10.8,317,4.2,1.0,0.95,Sub-Healthy
2026-02-06 21:20:00,GEN003,2987,49.7,10.7,306,4.3,1.0,0.97,Sub-Healthy
2026-02-07 02:25:00,GEN005,2988,49.9,10.7,302,4.4,1.0,0.94,Sub-Healthy
2026-02-07 03:05:00,GEN008,3003,50.0,11.0,254,4.8,0.6,0.99,Healthy
2026-02-07 03:15:00,GEN009,2992,49.7,10.9,309,4.2,1.1,0.93,Sub-Healthy
2026-02-07 04:45:00,GEN005,2998,50.0,11.1,269,4.8,0.7,0.99,Healthy
2026-02-07 04:55:00,GEN010,2987,49.9,10.9,292,4.4,1.0,0.97,Sub-Healthy
2026-02-07 05:10:00,GEN005,3001,50.0,10.9,240,4.7,0.5,0.98,Healthy
2026-02-07 06:05:00,GEN004,2999,50.0,10.9,252,4.7,0.6,0.98,Healthy
2026-02-07 06:35:00,GEN007,2973,49.6,10.3,381,4.0,1.3,0.86,Abnormal
2026-02-07 07:00:00,GEN007,2991,49.8,10.7,281,4.5,0.9,0.93,Sub-Healthy
2026-02-07 07:25:00,GEN008,2985,49.7,10.8,282,4.4,1.0,0.95,Sub-Healthy
2026-02-07 08:40:00,GEN004,3000,49.9,11.0,266,4.8,0.5,0.99,Healthy
2026-02-07 10:15:00,GEN003,2986,49.8,10.8,287,4.3,0.9,0.96,Sub-Healthy
2026-02-07 10:50:00,GEN002,2999,50.0,11.1,259,5.0,0.6,0.97,Healthy
2026-02-07 12:30:00,GEN007,2988,49.7,10.8,311,4.4,1.0,0.96,Sub-Healthy
2026-02-07 13:15:00,GEN005,3004,50.0,10.9,256,4.9,0.7,0.97,Healthy
2026-02-07 14:15:00,GEN008,2995,49.8,10.8,312,4.3,1.1,0.95,Sub-Healthy
2026-02-07 15:15:00,GEN004,2992,49.9,10.8,290,4.5,1.0,0.94,Sub-Healthy
2026-02-07 16:05:00,GEN009,3001,50.0,11.0,268,5.0,0.7,0.98,Healthy
2026-02-07 19:40:00,GEN002,3005,49.9,10.9,255,4.8,0.6,0.99,Healthy
2026-02-07 20:15:00,GEN002,2942,49.2,10.1,482,2.9,2.2,0.81,Fault
2026-02-07 20:40:00,GEN005,2992,49.8,10.9,305,4.3,0.8,0.95,Sub-Healthy
2026-02-07 21:55:00,GEN003,2995,50.1,10.9,264,4.8,0.7,0.97,Healthy
2026-02-07 23:20:00,GEN004,2993,49.8,10.7,283,4.5,0.9,0.97,Sub-Healthy
2026-02-08 03:05:00,GEN006,2988,49.8,10.8,302,4.4,0.9,0.96,Sub-Healthy
2026-02-08 04:00:00,GEN001,2976,49.5,10.5,386,3.8,1.2,0.87,Abnormal
2026-02-08 06:10:00,GEN007,2973,49.5,10.5,384,3.9,1.2,0.9,Abnormal
2026-02-08 07:30:00,GEN006,2995,50.0,10.9,266,4.9,0.5,0.99,Healthy
2026-02-08 08:05:00,GEN002,3000,50.0,11.0,274,4.8,0.7,0.99,Healthy
2026-02-08 08:05:00,GEN009,2991,49.7,10.8,287,4.4,1.1,0.95,Sub-Healthy
2026-02-08 08:40:00,GEN002,2991,49.7,10.9,313,4.3,1.0,0.95,Sub-Healthy
2026-02-08 12:20:00,GEN006,2954,48.1,9.3,444,3.4,2.2,0.79,Fault
2026-02-08 13:15:00,GEN007,2990,49.7,10.8,292,4.4,1.0,0.93,Sub-Healthy
2026-02-08 14:50:00,GEN001,2983,49.3,10.7,394,4.0,1.3,0.86,Abnormal
2026-02-08 15:00:00,GEN009,2973,49.6,10.7,394,3.8,1.5,0.89,Abnormal
2026-02-08 16:55:00,GEN007,2976,49.4,10.7,334,3.8,1.2,0.9,Abnormal
2026-02-08 19:15:00,GEN010,2973,49.7,10.5,394,3.9,1.5,0.91,Abnormal
2026-02-08 21:00:00,GEN005,2992,49.8,10.9,318,4.5,1.0,0.96,Sub-Healthy
2026-02-09 02:10:00,GEN006,2992,49.8,10.8,288,4.3,1.1,0.95,Sub-Healthy
2026-02-09 03:55:00,GEN003,2953,49.1,9.0,528,2.7,2.1,0.71,Fault
2026-02-09 05:40:00,GEN010,3001,50.0,11.0,253,4.8,0.8,0.99,Healthy
2026-02-09 06:00:00,GEN009,3003,50.0,10.9,267,4.9,0.6,0.99,Healthy
2026-02-09 07:15:00,GEN001,2998,50.0,11.0,266,4.7,0.6,0.99,Healthy
2026-02-09 08:10:00,GEN003,3001,49.9,11.0,243,4.6,0.6,1.0,Healthy
2026-02-09 12:35:00,GEN001,2978,49.5,10.5,324,3.8,1.2,0.87,Abnormal
2026-02-09 13:55:00,GEN008,3002,50.0,11.1,241,4.7,0.7,0.98,Healthy
2026-02-09 14:20:00,GEN004,2979,49.7,10.2,398,3.8,1.4,0.88,Abnormal
2026-02-09 16:25:00,GEN005,2994,49.9,10.8,290,4.4,0.8,0.96,Sub-Healthy
2026-02-09 16:40:00,GEN010,2996,50.0,11.0,258,4.8,0.8,0.98,Healthy
2026-02-09 19:55:00,GEN004,2990,49.9,10.8,284,4.4,0.9,0.96,Sub-Healthy
2026-02-09 20:05:00,GEN005,2972,49.2,10.6,383,4.0,1.1,0.91,Abnormal
2026-02-09 20:30:00,GEN007,2994,49.8,10.8,282,4.3,1.0,0.94,Sub-Healthy
2026-02-09 22:25:00,GEN010,2995,49.7,10.7,304,4.2,0.9,0.95,Sub-Healthy
2026-02-10 00:30:00,GEN001,2977,49.5,10.3,369,3.7,1.3,0.91,Abnormal
2026-02-10 01:00:00,GEN010,2994,49.8,10.8,298,4.2,1.1,0.96,Sub-Healthy
2026-02-10 01:45:00,GEN004,2988,49.7,10.8,294,4.5,1.1,0.95,Sub-Healthy
2026-02-10 02:15:00,GEN006,2991,49.8,10.8,290,4.6,1.0,0.94,Sub-Healthy
2026-02-10 02:45:00,GEN002,2990,49.7,10.9,302,4.4,0.8,0.95,Sub-Healthy
2026-02-10 03:55:00,GEN007,3000,50.0,11.1,271,4.6,0.6,0.99,Healthy
2026-02-10 03:55:00,GEN006,2987,49.8,10.9,296,4.4,0.8,0.94,Sub-Healthy
2026-02-10 04:10:00,GEN008,2979,49.6,10.6,371,3.9,1.2,0.88,Abnormal
2026-02-10 05:10:00,GEN004,3003,50.0,10.9,245,4.6,0.6,0.98,Healthy
2026-02-10 06:20:00,GEN005,2975,49.5,10.5,337,4.0,1.5,0.9,Abnormal
2026-02-10 08:05:00,GEN004,2990,49.7,10.7,296,4.6,0.9,0.94,Sub-Healthy
2026-02-10 08:10:00,GEN006,2992,49.9,10.9,306,4.3,0.8,0.94,Sub-Healthy
2026-02-10 09:45:00,GEN004,2978,49.4,10.6,383,4.1,1.6,0.89,Abnormal
2026-02-10 10:40:00,GEN009,2992,49.9,10.8,310,4.2,0.8,0.95,Sub-Healthy
2026-02-10 10:55:00,GEN003,2993,49.8,10.7,300,4.4,0.9,0.94,Sub-Healthy
2026-02-10 13:10:00,GEN001,2995,50.0,11.1,250,4.8,0.7,0.97,Healthy
2026-02-10 13:50:00,GEN006,2986,49.9,10.8,282,4.5,0.8,0.94,Sub-Healthy
2026-02-10 16:00:00,GEN007,2990,49.8,10.9,283,4.6,1.0,0.95,Sub-Healthy
2026-02-10 16:15:00,GEN001,2985,49.7,10.8,300,4.3,1.0,0.94,Sub-Healthy
2026-02-10 16:50:00,GEN001,2990,49.8,10.8,306,4.4,0.8,0.96,Sub-Healthy
2026-02-10 17:10:00,GEN004,3001,50.0,11.0,274,4.7,0.5,0.99,Healthy
2026-02-10 17:15:00,GEN004,2959,48.4,9.2,465,3.6,1.8,0.77,Fault
2026-02-10 17:25:00,GEN001,2979,49.4,10.7,361,3.9,1.3,0.89,Abnormal
2026-02-10 22:10:00,GEN010,2986,49.8,10.8,292,4.2,1.1,0.93,Sub-Healthy
2026-02-10 22:30:00,GEN004,3000,50.0,10.9,240,4.7,0.6,0.99,Healthy
2026-02-10 23:30:00,GEN004,2977,49.7,10.5,390,3.8,1.3,0.85,Abnormal
2026-02-11 02:05:00,GEN010,2990,49.8,10.9,306,4.5,0.9,0.97,Sub-Healthy
2026-02-11 06:05:00,GEN005,2999,50.1,11.1,240,4.8,0.6,0.97,Healthy
2026-02-11 10:05:00,GEN010,2997,49.9,11.1,277,4.9,0.5,0.99,Healthy
2026-02-11 14:20:00,GEN009,2994,49.8,10.8,311,4.3,1.0,0.93,Sub-Healthy
2026-02-11 14:40:00,GEN006,3002,50.0,11.0,254,4.6,0.8,0.99,Healthy
2026-02-11 15:10:00,GEN008,2981,49.7,10.4,321,4.0,1.3,0.9,Abnormal
2026-02-11 17:55:00,GEN007,2941,49.2,9.9,541,3.6,1.6,0.8,Fault
2026-02-11 18:00:00,GEN002,2943,48.2,10.0,550,2.6,1.7,0.79,Fault
2026-02-11 23:35:00,GEN004,2987,49.8,10.8,313,4.3,1.0,0.97,Sub-Healthy
2026-02-12 01:30:00,GEN005,2991,49.9,10.9,307,4.5,1.0,0.95,Sub-Healthy
2026-02-12 02:05:00,GEN004,2997,49.9,10.9,277,4.9,0.8,0.97,Healthy
2026-02-12 02:15:00,GEN010,2985,49.7,10.9,306,4.5,1.0,0.95,Sub-Healthy
2026-02-12 02:30:00,GEN010,2992,49.8,10.8,316,4.4,1.0,0.95,Sub-Healthy
2026-02-12 03:30:00,GEN010,2989,49.8,10.8,294,4.5,1.1,0.94,Sub-Healthy
2026-02-12 03:40:00,GEN001,2994,49.9,10.8,286,4.2,1.0,0.95,Sub-Healthy
2026-02-12 04:45:00,GEN003,2979,49.6,10.3,355,4.0,1.5,0.89,Abnormal
2026-02-12 07:55:00,GEN002,2983,49.7,10.4,369,3.8,1.3,0.87,Abnormal
2026-02-12 09:20:00,GEN005,2989,49.7,10.8,300,4.3,1.1,0.95,Sub-Healthy
2026-02-12 10:40:00,GEN002,2988,49.8,10.8,292,4.5,0.9,0.96,Sub-Healthy
2026-02-12 12:30:00,GEN005,2994,49.9,10.8,302,4.2,1.0,0.95,Sub-Healthy
2026-02-12 12:40:00,GEN008,2997,50.0,11.0,240,4.9,0.7,0.97,Healthy
2026-02-12 17:40:00,GEN006,2985,49.6,10.4,368,3.7,1.2,0.88,Abnormal
2026-02-12 18:00:00,GEN003,2971,49.2,10.4,367,3.9,1.3,0.93,Abnormal
2026-02-12 18:35:00,GEN010,2975,49.2,10.3,360,3.9,1.4,0.87,Abnormal
2026-02-12 20:25:00,GEN009,2999,50.0,11.1,246,5.0,0.8,0.99,Healthy
2026-02-12 22:45:00,GEN009,2999,50.0,10.9,246,4.8,0.6,0.98,Healthy
2026-02-12 23:15:00,GEN009,2992,49.8,10.7,315,4.4,0.9,0.94,Sub-Healthy
2026-02-12 23:40:00,GEN002,2987,49.9,10.8,294,4.2,1.1,0.96,Sub-Healthy
2026-02-12 23:40:00,GEN007,3004,49.9,11.1,258,4.8,0.6,0.98,Healthy
2026-02-13 02:25:00,GEN010,2996,50.0,10.9,278,4.8,0.8,0.98,Healthy
2026-02-13 04:20:00,GEN001,2943,48.6,9.2,495,2.7,1.7,0.84,Fault
2026-02-13 06:55:00,GEN003,2988,49.7,10.8,287,4.4,0.8,0.96,Sub-Healthy
2026-02-13 08:10:00,GEN007,3001,49.9,10.9,279,4.8,0.6,0.99,Healthy
2026-02-13 09:10:00,GEN009,2993,49.9,10.8,305,4.4,0.9,0.94,Sub-Healthy
2026-02-13 09:55:00,GEN002,3000,50.1,11.1,241,4.6,0.6,1.0,Healthy
2026-02-13 11:55:00,GEN005,2989,49.8,10.9,287,4.4,0.8,0.95,Sub-Healthy
2026-02-13 17:50:00,GEN007,2971,49.7,10.5,388,3.9,1.6,0.87,Abnormal
2026-02-13 20:10:00,GEN005,2988,49.8,10.7,290,4.2,0.8,0.94,Sub-Healthy
2026-02-13 22:25:00,GEN005,2986,49.7,10.9,288,4.5,1.0,0.95,Sub-Healthy
2026-02-13 22:50:00,GEN009,3002,49.9,11.0,253,4.8,0.6,0.97,Healthy
2026-02-13 23:25:00,GEN001,2986,49.7,10.9,307,4.3,0.9,0.96,Sub-Healthy
2026-02-14 00:00:00,GEN005,2976,49.7,10.7,381,3.8,1.5,0.85,Abnormal
2026-02-14 00:45:00,GEN002,2970,49.5,10.3,343,4.0,1.5,0.87,Abnormal
2026-02-14 04:30:00,GEN008,3003,50.1,10.9,241,4.8,0.8,0.97,Healthy
2026-02-14 06:15:00,GEN002,2988,49.8,10.8,320,4.2,1.1,0.96,Sub-Healthy
2026-02-14 06:50:00,GEN004,2987,49.8,10.8,314,4.3,1.0,0.94,Sub-Healthy
2026-02-14 08:25:00,GEN006,2987,49.8,10.7,303,4.3,1.0,0.97,Sub-Healthy
2026-02-14 09:55:00,GEN010,2987,49.8,10.9,282,4.3,1.1,0.97,Sub-Healthy
2026-02-14 11:10:00,GEN001,3003,50.0,11.1,250,4.9,0.5,0.98,Healthy
2026-02-14 12:20:00,GEN001,2998,50.0,11.0,262,4.6,0.8,0.99,Healthy
2026-02-14 12:45:00,GEN007,2972,49.7,10.7,392,4.0,1.4,0.89,Abnormal
2026-02-14 15:55:00,GEN006,2995,49.8,10.8,298,4.6,0.9,0.97,Sub-Healthy
2026-02-14 17:05:00,GEN005,3001,50.1,11.1,256,5.0,0.7,0.97,Healthy
2026-02-14 19:40:00,GEN002,2982,49.7,10.5,346,3.9,1.5,0.87,Abnormal
2026-02-14 20:40:00,GEN008,2986,49.8,10.8,310,4.5,1.0,0.96,Sub-Healthy
2026-02-14 22:15:00,GEN003,2985,49.8,10.8,303,4.4,1.0,0.96,Sub-Healthy
2026-02-14 22:40:00,GEN008,2981,49.5,10.5,334,4.0,1.5,0.89,Abnormal
2026-02-15 00:25:00,GEN001,3000,50.0,10.9,258,4.8,0.6,0.98,Healthy
2026-02-15 01:25:00,GEN003,2983,49.7,10.5,356,4.0,1.5,0.93,Abnormal
2026-02-15 03:35:00,GEN009,2985,49.9,10.8,303,4.3,1.0,0.96,Sub-Healthy
2026-02-15 03:45:00,GEN005,3004,50.0,10.9,278,4.9,0.6,1.0,Healthy
2026-02-15 05:10:00,GEN010,2997,50.0,11.0,271,4.7,0.6,1.0,Healthy
2026-02-15 05:25:00,GEN010,2960,48.8,9.6,496,2.9,1.7,0.81,Fault
2026-02-15 05:45:00,GEN009,2986,49.7,10.9,288,4.2,1.1,0.97,Sub-Healthy
2026-02-15 08:30:00,GEN002,2989,49.8,10.8,299,4.5,0.8,0.96,Sub-Healthy
2026-02-15 08:45:00,GEN008,2979,49.5,10.6,380,4.1,1.3,0.9,Abnormal
2026-02-15 09:05:00,GEN009,2953,48.8,9.5,522,3.2,2.4,0.65,Fault
2026-02-15 09:45:00,GEN005,2978,49.2,10.7,320,4.1,1.2,0.93,Abnormal
2026-02-15 11:50:00,GEN008,2988,49.7,10.8,287,4.4,0.9,0.96,Sub-Healthy
2026-02-15 14:00:00,GEN001,2979,49.3,10.6,386,3.9,1.6,0.92,Abnormal
2026-02-15 15:00:00,GEN010,3002,50.0,11.1,243,4.9,0.7,0.98,Healthy
2026-02-15 16:30:00,GEN008,2990,49.8,10.7,301,4.5,0.9,0.95,Sub-Healthy
2026-02-15 19:05:00,GEN009,2978,49.5,10.4,368,3.8,1.3,0.86,Abnormal
2026-02-15 20:00:00,GEN008,2989,49.8,10.9,306,4.2,0.8,0.97,Sub-Healthy
2026-02-15 21:10:00,GEN005,2999,50.1,11.0,243,4.8,0.6,0.99,Healthy
2026-02-16 00:45:00,GEN001,2991,49.8,10.8,313,4.5,1.0,0.95,Sub-Healthy
2026-02-16 02:25:00,GEN008,2988,49.7,10.7,311,4.4,0.8,0.96,Sub-Healthy
2026-02-16 02:50:00,GEN004,2992,49.8,10.8,302,4.5,0.9,0.95,Sub-Healthy
2026-02-16 04:20:00,GEN002,2979,49.2,10.5,380,3.9,1.2,0.85,Abnormal
2026-02-16 07:35:00,GEN008,2986,49.9,10.7,312,4.4,0.9,0.93,Sub-Healthy
2026-02-16 08:40:00,GEN002,2953,48.3,9.4,514,3.1,2.4,0.78,Fault
2026-02-16 09:50:00,GEN006,3001,50.0,11.0,246,4.7,0.8,0.99,Healthy
2026-02-16 12:35:00,GEN010,2992,49.8,10.8,318,4.2,0.9,0.95,Sub-Healthy
2026-02-16 15:35:00,GEN007,2991,49.8,10.7,309,4.5,1.0,0.94,Sub-Healthy
2026-02-16 16:55:00,GEN005,2982,49.7,10.4,347,3.9,1.2,0.87,Abnormal
2026-02-16 17:20:00,GEN006,2982,49.5,10.4,332,4.2,1.4,0.89,Abnormal
2026-02-16 17:55:00,GEN004,2989,49.8,10.8,318,4.4,1.1,0.96,Sub-Healthy
2026-02-16 19:20:00,GEN010,2997,50.0,11.0,245,4.6,0.8,1.0,Healthy
2026-02-16 21:25:00,GEN008,2984,49.5,10.5,393,3.9,1.5,0.9,Abnormal
2026-02-16 22:15:00,GEN001,3002,49.9,10.9,247,4.8,0.7,0.99,Healthy
2026-02-16 22:50:00,GEN003,3003,50.0,10.9,263,4.7,0.5,0.98,Healthy
2026-02-16 23:15:00,GEN010,2975,49.7,10.7,372,3.8,1.3,0.87,Abnormal
2026-02-16 23:25:00,GEN006,2974,49.2,10.4,321,3.7,1.4,0.91,Abnormal
2026-02-16 23:35:00,GEN004,2990,49.7,10.8,300,4.5,0.9,0.95,Sub-Healthy
2026-02-16 23:45:00,GEN004,2999,50.1,10.9,280,4.8,0.7,1.0,Healthy
2026-02-17 03:30:00,GEN004,2991,49.9,10.8,303,4.4,1.0,0.93,Sub-Healthy
2026-02-17 05:20:00,GEN009,2992,49.7,10.7,294,4.5,1.1,0.94,Sub-Healthy
2026-02-17 09:05:00,GEN008,2992,49.9,10.8,288,4.5,0.9,0.93,Sub-Healthy
2026-02-17 09:45:00,GEN002,2999,50.0,11.0,241,4.8,0.8,0.99,Healthy
2026-02-17 09:45:00,GEN005,3000,49.9,11.0,266,4.8,0.5,0.97,Healthy
2026-02-17 09:45:00,GEN009,2972,49.4,10.3,391,3.7,1.4,0.92,Abnormal
2026-02-17 11:25:00,GEN001,3000,50.0,10.9,274,5.0,0.7,0.99,Healthy
2026-02-17 11:40:00,GEN003,2982,49.3,10.3,323,4.0,1.4,0.85,Abnormal
2026-02-17 12:15:00,GEN006,2987,49.7,10.9,308,4.2,0.8,0.95,Sub-Healthy
2026-02-17 13:35:00,GEN009,2986,49.8,10.8,310,4.3,0.8,0.95,Sub-Healthy
2026-02-17 13:50:00,GEN009,2991,49.8,10.8,300,4.6,0.9,0.97,Sub-Healthy
2026-02-17 17:45:00,GEN001,2976,49.5,10.4,388,4.0,1.3,0.92,Abnormal
2026-02-17 18:20:00,GEN003,3003,50.0,11.0,259,4.7,0.6,0.97,Healthy
2026-02-17 20:15:00,GEN008,2978,49.5,10.4,354,3.8,1.1,0.87,Abnormal
2026-02-17 20:40:00,GEN003,2987,49.8,10.8,289,4.3,0.9,0.95,Sub-Healthy
2026-02-17 21:55:00,GEN009,2992,49.8,10.7,313,4.6,0.9,0.96,Sub-Healthy
2026-02-17 22:20:00,GEN009,2999,49.9,11.1,256,4.7,0.5,0.99,Healthy
2026-02-17 23:45:00,GEN002,2961,48.5,9.7,550,3.7,2.1,0.74,Fault
2026-02-18 01:10:00,GEN004,2978,49.5,10.3,374,4.0,1.4,0.86,Abnormal
2026-02-18 01:50:00,GEN005,2988,49.9,10.9,285,4.4,1.0,0.96,Sub-Healthy
2026-02-18 06:05:00,GEN004,2979,49.3,10.3,389,3.9,1.4,0.9,Abnormal
2026-02-18 08:15:00,GEN003,2970,49.5,10.6,364,3.8,1.5,0.9,Abnormal
2026-02-18 08:50:00,GEN007,2990,49.9,10.9,299,4.5,1.0,0.94,Sub-Healthy
2026-02-18 11:25:00,GEN010,2999,49.9,11.0,242,4.8,0.6,0.98,Healthy
2026-02-18 11:40:00,GEN004,2992,49.7,10.8,281,4.3,1.0,0.96,Sub-Healthy
2026-02-18 13:05:00,GEN009,2996,49.9,11.1,243,4.8,0.7,0.97,Healthy
2026-02-18 13:10:00,GEN005,2994,49.7,10.7,317,4.6,1.0,0.94,Sub-Healthy
2026-02-18 15:25:00,GEN003,3003,50.0,11.1,256,4.9,0.6,0.99,Healthy
2026-02-18 18:05:00,GEN001,3004,50.1,11.0,255,4.9,0.6,0.98,Healthy
2026-02-18 19:20:00,GEN005,2993,49.9,10.8,282,4.3,0.8,0.96,Sub-Healthy
2026-02-18 19:25:00,GEN004,2983,49.3,10.3,359,3.7,1.3,0.91,Abnormal
2026-02-18 21:40:00,GEN004,2990,49.7,10.8,318,4.5,0.9,0.96,Sub-Healthy
2026-02-18 22:25:00,GEN004,2986,49.9,10.8,305,4.3,0.9,0.95,Sub-Healthy
2026-02-18 23:05:00,GEN007,3000,50.1,11.1,278,4.9,0.6,0.98,Healthy
2026-02-19 00:35:00,GEN003,3001,49.9,11.0,269,4.9,0.5,0.98,Healthy
2026-02-19 02:55:00,GEN001,2990,49.9,10.7,292,4.5,1.0,0.95,Sub-Healthy
2026-02-19 05:25:00,GEN010,2991,49.9,10.7,298,4.4,0.9,0.95,Sub-Healthy
2026-02-19 06:05:00,GEN003,3001,49.9,11.0,278,4.9,0.8,0.99,Healthy
2026-02-19 07:10:00,GEN001,2991,49.8,10.8,308,4.6,1.0,0.93,Sub-Healthy
2026-02-19 08:00:00,GEN002,2990,49.9,10.9,297,4.3,0.8,0.95,Sub-Healthy
2026-02-19 08:15:00,GEN003,2990,49.8,10.8,291,4.3,0.8,0.96,Sub-Healthy
2026-02-19 10:50:00,GEN004,2980,49.6,10.4,386,3.7,1.1,0.86,Abnormal
2026-02-19 12:40:00,GEN008,2992,49.7,10.9,288,4.6,0.8,0.94,Sub-Healthy
2026-02-19 14:15:00,GEN008,2985,49.7,10.9,320,4.4,0.9,0.96,Sub-Healthy
2026-02-19 14:35:00,GEN006,2985,49.9,10.7,304,4.5,0.9,0.95,Sub-Healthy
2026-02-19 19:25:00,GEN010,2991,49.7,10.9,309,4.2,1.0,0.96,Sub-Healthy
2026-02-19 20:35:00,GEN009,2986,49.8,10.7,281,4.6,0.9,0.94,Sub-Healthy
2026-02-19 21:15:00,GEN009,2993,49.8,10.7,312,4.5,0.9,0.96,Sub-Healthy
2026-02-19 23:20:00,GEN005,2986,49.8,10.7,291,4.3,1.0,0.94,Sub-Healthy
2026-02-20 00:05:00,GEN003,2992,49.7,10.9,305,4.3,0.9,0.95,Sub-Healthy
2026-02-20 00:40:00,GEN001,2951,49.0,10.0,446,3.4,2.1,0.85,Fault
2026-02-20 01:20:00,GEN002,2964,48.4,10.0,416,3.3,2.4,0.66,Fault
2026-02-20 03:55:00,GEN001,2960,48.3,9.5,432,2.7,1.9,0.74,Fault
2026-02-20 06:00:00,GEN007,2975,49.7,10.4,389,4.0,1.4,0.85,Abnormal
2026-02-20 08:35:00,GEN007,3001,50.0,10.9,269,4.6,0.5,0.98,Healthy
2026-02-20 08:35:00,GEN001,2992,49.8,10.7,314,4.2,1.0,0.97,Sub-Healthy
2026-02-20 10:00:00,GEN004,2946,48.4,10.1,458,3.5,2.1,0.6,Fault
2026-02-20 11:15:00,GEN003,2995,49.8,10.8,310,4.3,1.0,0.96,Sub-Healthy
2026-02-20 12:05:00,GEN010,3004,50.1,10.9,269,4.9,0.7,0.99,Healthy
2026-02-20 13:55:00,GEN006,2992,49.8,10.8,303,4.5,1.0,0.96,Sub-Healthy
2026-02-20 16:10:00,GEN005,3000,50.0,11.0,266,4.7,0.5,0.97,Healthy
2026-02-20 17:55:00,GEN009,2986,49.8,10.7,312,4.4,1.0,0.96,Sub-Healthy
2026-02-20 19:25:00,GEN006,2983,49.6,10.4,346,4.2,1.5,0.89,Abnormal
2026-02-20 22:05:00,GEN001,3004,50.0,11.0,246,5.0,0.7,0.97,Healthy
2026-02-21 01:35:00,GEN004,3004,50.0,11.1,263,4.9,0.6,0.99,Healthy
2026-02-21 02:15:00,GEN010,3003,50.1,10.9,252,4.8,0.7,0.97,Healthy
2026-02-21 04:40:00,GEN003,2991,49.8,10.8,284,4.3,1.1,0.96,Sub-Healthy
2026-02-21 07:05:00,GEN008,2981,49.5,10.3,346,4.2,1.4,0.89,Abnormal
2026-02-21 08:40:00,GEN002,2990,49.8,10.8,315,4.5,1.1,0.96,Sub-Healthy
2026-02-21 11:10:00,GEN004,2972,49.5,10.4,340,3.9,1.4,0.87,Abnormal
2026-02-21 11:20:00,GEN010,2994,49.8,10.8,296,4.6,1.0,0.95,Sub-Healthy
2026-02-21 11:50:00,GEN003,2999,50.1,10.9,275,4.7,0.8,0.98,Healthy
2026-02-21 15:00:00,GEN002,2994,49.8,10.7,292,4.6,1.0,0.96,Sub-Healthy
2026-02-21 16:35:00,GEN010,2998,50.0,11.1,246,4.7,0.7,0.97,Healthy
2026-02-21 18:20:00,GEN002,2971,49.3,10.3,328,4.0,1.1,0.86,Abnormal
2026-02-21 19:30:00,GEN010,2997,50.1,10.9,261,4.7,0.6,0.98,Healthy
2026-02-22 01:00:00,GEN001,2993,49.8,10.7,298,4.4,1.0,0.95,Sub-Healthy
2026-02-22 01:45:00,GEN007,3004,50.1,10.9,277,4.8,0.6,0.99,Healthy
2026-02-22 05:15:00,GEN009,2987,49.8,10.8,313,4.5,1.0,0.96,Sub-Healthy
2026-02-22 05:40:00,GEN005,3002,50.1,11.0,259,4.7,0.7,1.0,Healthy
2026-02-22 08:30:00,GEN006,2983,49.6,10.3,330,3.9,1.5,0.92,Abnormal
2026-02-22 08:45:00,GEN006,2991,49.9,10.8,298,4.4,1.0,0.96,Sub-Healthy
2026-02-22 10:00:00,GEN001,2996,50.1,11.1,247,4.7,0.6,0.99,Healthy
2026-02-22 13:45:00,GEN001,2974,49.7,10.7,326,4.0,1.3,0.91,Abnormal
2026-02-22 14:25:00,GEN002,2992,49.7,10.9,308,4.2,0.9,0.95,Sub-Healthy
2026-02-22 18:05:00,GEN009,2995,49.7,10.8,316,4.6,0.9,0.96,Sub-Healthy
2026-02-22 19:20:00,GEN008,3000,50.0,11.0,243,4.7,0.5,0.97,Healthy
2026-02-22 20:00:00,GEN003,2983,49.4,10.3,327,4.0,1.3,0.91,Abnormal
2026-02-22 21:00:00,GEN003,3003,50.1,11.0,259,4.9,0.7,0.99,Healthy
2026-02-22 21:00:00,GEN009,2994,49.8,10.8,311,4.3,1.0,0.93,Sub-Healthy
2026-02-22 21:15:00,GEN004,2952,48.5,9.3,480,2.8,2.4,0.79,Fault
2026-02-22 23:00:00,GEN004,2996,50.1,11.1,265,4.8,0.5,1.0,Healthy
2026-02-23 00:10:00,GEN007,2972,49.4,10.5,355,4.1,1.5,0.91,Abnormal
2026-02-23 02:00:00,GEN004,2989,49.8,10.9,309,4.3,0.9,0.94,Sub-Healthy
2026-02-23 04:10:00,GEN006,3000,50.0,10.9,260,4.6,0.8,0.97,Healthy
2026-02-23 04:40:00,GEN005,2993,49.8,10.7,312,4.4,1.1,0.93,Sub-Healthy
2026-02-23 07:00:00,GEN009,2981,49.3,10.2,322,3.8,1.4,0.88,Abnormal
2026-02-23 09:05:00,GEN010,2996,49.9,11.1,272,5.0,0.7,0.98,Healthy
2026-02-23 09:55:00,GEN007,3003,50.0,11.0,260,4.7,0.7,0.99,Healthy
2026-02-23 11:00:00,GEN004,2992,49.8,10.9,297,4.2,0.9,0.95,Sub-Healthy
2026-02-23 13:35:00,GEN008,2992,49.8,10.8,291,4.5,0.8,0.96,Sub-Healthy
2026-02-23 16:15:00,GEN001,3002,50.0,11.0,249,4.7,0.6,0.99,Healthy
2026-02-23 19:20:00,GEN010,2973,49.5,10.3,342,4.0,1.3,0.88,Abnormal
2026-02-23 20:00:00,GEN003,2975,49.6,10.3,359,4.0,1.5,0.89,Abnormal
2026-02-23 20:00:00,GEN005,2970,49.2,10.4,391,4.1,1.6,0.89,Abnormal
2026-02-23 22:45:00,GEN007,2987,49.9,10.8,303,4.6,0.8,0.96,Sub-Healthy
2026-02-23 22:50:00,GEN007,2986,49.8,10.8,289,4.5,1.0,0.95,Sub-Healthy
2026-02-24 02:55:00,GEN010,3001,50.0,11.1,279,5.0,0.7,0.99,Healthy
2026-02-24 04:15:00,GEN002,2988,49.8,10.8,295,4.5,0.9,0.96,Sub-Healthy
2026-02-24 04:30:00,GEN008,2996,49.9,11.0,241,4.9,0.6,0.98,Healthy
2026-02-24 05:10:00,GEN002,2987,49.7,10.9,290,4.4,0.9,0.94,Sub-Healthy
2026-02-24 07:20:00,GEN005,2996,50.0,11.0,265,4.9,0.5,0.98,Healthy
2026-02-24 09:10:00,GEN008,2986,49.8,10.7,291,4.4,0.9,0.94,Sub-Healthy
2026-02-24 11:05:00,GEN008,2999,50.1,11.0,277,4.7,0.6,0.99,Healthy
2026-02-24 14:00:00,GEN008,2968,48.0,9.1,463,3.3,2.0,0.82,Fault
2026-02-24 14:05:00,GEN008,2995,50.0,11.0,248,4.8,0.7,0.99,Healthy
2026-02-24 14:10:00,GEN001,2996,50.0,10.9,254,4.9,0.6,0.99,Healthy
2026-02-24 18:05:00,GEN006,2968,48.1,10.0,506,2.7,2.4,0.7,Fault
2026-02-24 18:30:00,GEN005,2991,49.8,10.8,280,4.5,1.1,0.94,Sub-Healthy
2026-02-24 20:15:00,GEN007,2993,49.8,10.7,318,4.3,0.8,0.94,Sub-Healthy
2026-02-24 22:15:00,GEN001,2985,49.5,10.3,359,3.7,1.5,0.86,Abnormal
2026-02-24 22:25:00,GEN006,3004,50.0,11.1,257,5.0,0.6,0.98,Healthy
2026-02-24 22:40:00,GEN001,2997,50.0,10.9,278,4.6,0.6,1.0,Healthy
2026-02-25 01:35:00,GEN010,2977,49.5,10.6,344,3.8,1.6,0.88,Abnormal
2026-02-25 02:50:00,GEN005,2977,49.6,10.7,368,3.8,1.2,0.9,Abnormal
2026-02-25 02:50:00,GEN004,2985,49.8,10.9,320,4.5,0.8,0.97,Sub-Healthy
2026-02-25 04:15:00,GEN004,2986,49.9,10.9,282,4.5,1.0,0.96,Sub-Healthy
2026-02-25 05:50:00,GEN010,2997,50.0,11.0,280,4.6,0.5,0.98,Healthy
2026-02-25 07:00:00,GEN004,2993,49.9,10.8,291,4.6,0.9,0.95,Sub-Healthy
2026-02-25 07:45:00,GEN001,2975,49.5,10.3,346,4.1,1.2,0.93,Abnormal
2026-02-25 09:20:00,GEN004,2994,49.8,10.8,306,4.5,0.9,0.93,Sub-Healthy
2026-02-25 12:10:00,GEN007,2988,49.7,10.7,318,4.2,0.9,0.95,Sub-Healthy
2026-02-25 13:35:00,GEN003,2985,49.9,10.8,290,4.6,1.0,0.93,Sub-Healthy
2026-02-25 14:20:00,GEN010,2995,49.7,10.7,284,4.3,1.0,0.96,Sub-Healthy
2026-02-25 16:15:00,GEN010,2992,49.7,10.8,312,4.5,0.9,0.94,Sub-Healthy
2026-02-25 18:35:00,GEN009,3001,49.9,11.0,271,4.8,0.8,0.97,Healthy
2026-02-25 21:00:00,GEN002,2994,49.7,10.8,306,4.5,0.9,0.96,Sub-Healthy
2026-02-25 23:10:00,GEN002,2995,49.8,10.8,293,4.6,1.0,0.97,Sub-Healthy
2026-02-26 02:50:00,GEN004,2975,49.3,10.3,381,4.2,1.2,0.93,Abnormal
2026-02-26 09:30:00,GEN004,2981,49.7,10.6,357,4.2,1.1,0.93,Abnormal
2026-02-26 09:45:00,GEN003,2981,49.5,10.4,320,3.9,1.1,0.86,Abnormal
2026-02-26 10:10:00,GEN010,2991,49.8,10.7,303,4.5,1.0,0.94,Sub-Healthy
2026-02-26 14:30:00,GEN005,2999,50.0,10.9,276,4.8,0.6,0.99,Healthy
2026-02-26 18:45:00,GEN005,3002,50.0,11.0,261,4.7,0.5,0.98,Healthy
2026-02-26 20:10:00,GEN005,2993,49.8,10.8,320,4.4,1.0,0.96,Sub-Healthy
2026-02-26 20:15:00,GEN009,2989,49.8,10.7,306,4.4,1.1,0.95,Sub-Healthy
2026-02-26 21:50:00,GEN006,2996,50.1,11.0,272,4.7,0.5,0.99,Healthy
2026-02-26 22:00:00,GEN008,2952,48.7,10.2,485,2.6,1.6,0.8,Fault
2026-02-26 23:25:00,GEN001,3002,50.0,11.0,267,4.9,0.7,0.99,Healthy
2026-02-27 04:45:00,GEN004,3000,49.9,10.9,254,4.9,0.6,0.99,Healthy
2026-02-27 07:10:00,GEN002,2983,49.7,10.4,332,4.1,1.4,0.87,Abnormal
2026-02-27 07:40:00,GEN005,2996,49.9,10.9,260,4.9,0.5,0.97,Healthy
2026-02-27 10:25:00,GEN001,2990,49.8,10.8,284,4.6,0.9,0.94,Sub-Healthy
2026-02-27 11:05:00,GEN009,2970,49.7,10.3,330,3.8,1.6,0.9,Abnormal
2026-02-27 11:45:00,GEN001,2998,50.0,11.1,262,4.8,0.5,0.98,Healthy
2026-02-27 12:15:00,GEN002,2985,49.8,10.8,297,4.3,1.0,0.95,Sub-Healthy
2026-02-27 15:20:00,GEN007,2990,49.8,10.8,318,4.3,1.0,0.93,Sub-Healthy
2026-02-27 17:45:00,GEN009,2978,49.6,10.5,358,4.1,1.3,0.88,Abnormal
2026-02-27 18:45:00,GEN006,3003,50.1,11.0,273,4.7,0.7,0.97,Healthy
2026-02-27 23:00:00,GEN003,2998,50.0,11.0,260,5.0,0.6,0.98,Healthy
2026-02-28 03:00:00,GEN002,2994,49.8,10.8,304,4.3,0.9,0.93,Sub-Healthy
2026-02-28 03:40:00,GEN002,2988,49.7,10.7,282,4.5,1.0,0.94,Sub-Healthy
2026-02-28 08:30:00,GEN007,2978,49.2,10.7,385,3.9,1.4,0.89,Abnormal
2026-02-28 13:00:00,GEN005,2988,49.9,10.9,286,4.5,1.0,0.96,Sub-Healthy
2026-02-28 13:40:00,GEN006,2993,49.8,10.7,294,4.5,0.8,0.93,Sub-Healthy
2026-02-28 14:50:00,GEN003,2996,50.0,10.9,274,4.8,0.6,0.98,Healthy
2026-02-28 18:35:00,GEN001,2992,49.7,10.9,306,4.4,1.0,0.97,Sub-Healthy
2026-02-28 19:20:00,GEN001,2988,49.9,10.8,310,4.4,0.9,0.95,Sub-Healthy
2026-02-28 20:00:00,GEN004,2993,49.7,10.8,308,4.5,1.0,0.94,Sub-Healthy
2026-02-28 22:20:00,GEN010,2990,49.8,10.8,302,4.3,0.9,0.94,Sub-Healthy
2026-02-28 23:45:00,GEN004,2971,49.4,10.7,396,4.2,1.3,0.86,Abnormal
2026-03-01 00:40:00,GEN003,2987,49.9,10.8,287,4.3,0.9,0.95,Sub-Healthy
2026-03-01 01:25:00,GEN006,2998,50.0,11.0,250,4.7,0.7,0.97,Healthy
2026-03-01 02:25:00,GEN007,2990,49.8,10.7,320,4.6,0.9,0.96,Sub-Healthy
2026-03-01 07:55:00,GEN004,2989,49.8,10.9,293,4.4,1.0,0.95,Sub-Healthy
2026-03-01 09:30:00,GEN004,2990,49.8,10.7,307,4.4,0.9,0.94,Sub-Healthy
2026-03-01 15:20:00,GEN001,2985,49.9,10.8,304,4.4,1.0,0.94,Sub-Healthy
2026-03-01 15:55:00,GEN005,2995,49.7,10.8,284,4.4,0.9,0.93,Sub-Healthy
2026-03-01 18:55:00,GEN008,3003,49.9,11.0,241,5.0,0.7,0.99,Healthy
2026-03-01 19:30:00,GEN002,2993,49.8,10.8,286,4.3,0.9,0.95,Sub-Healthy
2026-03-01 20:50:00,GEN003,2973,49.7,10.6,394,4.1,1.6,0.89,Abnormal
2026-03-02 03:10:00,GEN001,2987,49.8,10.8,298,4.2,1.0,0.94,Sub-Healthy
2026-03-02 04:10:00,GEN003,2948,48.5,10.0,500,3.2,2.4,0.77,Fault
2026-03-02 04:30:00,GEN007,2989,49.8,10.8,319,4.3,0.9,0.97,Sub-Healthy
2026-03-02 06:00:00,GEN005,2975,49.7,10.4,360,4.1,1.4,0.91,Abnormal
2026-03-02 09:10:00,GEN005,2995,49.7,10.8,291,4.3,1.0,0.96,Sub-Healthy
2026-03-02 10:30:00,GEN003,2998,50.0,11.0,274,4.7,0.7,1.0,Healthy
2026-03-02 16:15:00,GEN003,2993,49.9,10.8,299,4.2,1.0,0.94,Sub-Healthy
2026-03-02 17:25:00,GEN002,2996,49.9,11.0,243,5.0,0.8,0.99,Healthy
2026-03-02 17:35:00,GEN005,2973,49.3,10.3,362,3.8,1.4,0.86,Abnormal
2026-03-02 17:40:00,GEN010,2988,49.8,10.8,293,4.6,0.9,0.94,Sub-Healthy
2026-03-03 00:30:00,GEN006,3000,50.0,11.0,256,4.8,0.7,0.99,Healthy
2026-03-03 01:25:00,GEN004,2996,50.0,10.9,277,5.0,0.7,0.99,Healthy
2026-03-03 01:40:00,GEN004,2958,49.1,9.5,531,2.7,1.9,0.61,Fault
2026-03-03 04:50:00,GEN003,2998,50.0,11.0,272,5.0,0.5,1.0,Healthy
2026-03-03 08:25:00,GEN008,2987,49.9,10.8,291,4.4,0.9,0.94,Sub-Healthy
2026-03-03 08:50:00,GEN001,2987,49.8,10.8,294,4.5,0.9,0.93,Sub-Healthy
2026-03-03 09:35:00,GEN009,2973,49.4,10.5,354,3.8,1.1,0.88,Abnormal
2026-03-03 10:20:00,GEN008,2970,49.4,10.6,384,4.0,1.5,0.88,Abnormal
2026-03-03 10:50:00,GEN003,2996,50.0,11.0,263,4.6,0.7,0.98,Healthy
2026-03-03 15:50:00,GEN010,2998,50.1,11.0,273,4.7,0.6,1.0,Healthy
2026-03-03 16:00:00,GEN010,2986,49.7,10.7,308,4.3,0.8,0.94,Sub-Healthy
2026-03-03 16:25:00,GEN001,2998,50.1,11.0,277,5.0,0.8,0.97,Healthy
2026-03-03 17:50:00,GEN008,2962,48.5,9.0,545,3.5,2.3,0.82,Fault
2026-03-03 20:25:00,GEN010,2988,49.7,10.8,298,4.4,0.9,0.97,Sub-Healthy
2026-03-03 21:00:00,GEN007,3002,50.1,11.0,256,4.8,0.6,1.0,Healthy
2026-03-04 00:00:00,GEN003,2989,49.7,10.7,293,4.2,0.8,0.97,Sub-Healthy
2026-03-04 00:25:00,GEN010,2991,49.9,10.7,315,4.2,1.0,0.96,Sub-Healthy
2026-03-04 01:15:00,GEN010,2971,49.4,10.5,347,3.7,1.3,0.87,Abnormal
2026-03-04 01:50:00,GEN010,2992,49.8,10.9,316,4.4,0.8,0.96,Sub-Healthy
2026-03-04 02:25:00,GEN001,3003,49.9,11.0,243,4.8,0.7,1.0,Healthy
2026-03-04 04:45:00,GEN003,2996,49.9,10.9,260,5.0,0.7,0.99,Healthy
2026-03-04 06:00:00,GEN009,2962,48.2,9.3,447,3.7,1.8,0.63,Fault
2026-03-04 06:10:00,GEN010,2976,49.5,10.5,365,3.8,1.4,0.88,Abnormal
2026-03-04 06:20:00,GEN005,2984,49.6,10.4,396,3.7,1.5,0.85,Abnormal
2026-03-04 08:20:00,GEN003,3004,49.9,11.0,244,5.0,0.8,0.98,Healthy
2026-03-04 08:40:00,GEN004,2996,49.9,11.0,252,4.6,0.5,0.97,Healthy
2026-03-04 10:00:00,GEN009,3001,50.0,11.0,279,4.9,0.6,0.98,Healthy
2026-03-04 10:40:00,GEN009,2988,49.7,10.8,301,4.5,0.8,0.95,Sub-Healthy
2026-03-04 11:15:00,GEN001,3002,49.9,11.0,255,4.8,0.5,1.0,Healthy
2026-03-04 12:50:00,GEN006,2985,49.7,10.7,300,4.4,1.0,0.95,Sub-Healthy
2026-03-04 15:50:00,GEN001,2981,49.6,10.3,383,3.7,1.4,0.9,Abnormal
2026-03-04 16:25:00,GEN004,2984,49.4,10.7,371,4.1,1.2,0.9,Abnormal
2026-03-04 18:05:00,GEN006,3001,50.0,10.9,252,4.6,0.6,0.98,Healthy
2026-03-04 18:35:00,GEN001,2996,50.0,11.0,252,4.7,0.6,1.0,Healthy
2026-03-04 20:20:00,GEN007,2988,49.7,10.7,314,4.5,0.8,0.94,Sub-Healthy
2026-03-05 06:10:00,GEN010,2997,49.9,11.1,246,4.6,0.7,1.0,Healthy
2026-03-05 08:05:00,GEN005,2989,49.8,10.8,308,4.3,0.8,0.94,Sub-Healthy
2026-03-05 09:15:00,GEN005,2983,49.2,10.6,343,3.9,1.4,0.87,Abnormal
2026-03-05 09:45:00,GEN002,2988,49.8,10.7,294,4.4,0.9,0.94,Sub-Healthy
2026-03-05 09:50:00,GEN005,2954,48.4,9.1,437,2.5,2.5,0.66,Fault
2026-03-05 11:20:00,GEN008,2976,49.3,10.6,396,3.9,1.2,0.86,Abnormal
2026-03-05 14:35:00,GEN009,3004,50.0,11.0,267,4.7,0.6,0.98,Healthy
2026-03-05 16:15:00,GEN003,2993,49.8,10.7,292,4.3,1.1,0.95,Sub-Healthy
2026-03-05 17:40:00,GEN002,2976,49.3,10.4,389,3.7,1.3,0.93,Abnormal
2026-03-05 19:05:00,GEN010,2987,49.8,10.9,292,4.3,1.0,0.94,Sub-Healthy
2026-03-05 19:20:00,GEN008,2988,49.8,10.8,297,4.2,1.1,0.94,Sub-Healthy
2026-03-05 20:25:00,GEN008,2973,49.2,10.3,373,4.0,1.6,0.91,Abnormal
2026-03-05 21:35:00,GEN001,3003,50.0,11.0,254,4.8,0.8,0.99,Healthy
2026-03-05 22:20:00,GEN006,3002,50.0,11.0,275,4.9,0.6,0.97,Healthy
2026-03-05 23:40:00,GEN007,2988,49.9,10.7,310,4.6,1.1,0.97,Sub-Healthy
2026-03-06 00:25:00,GEN005,2989,49.9,10.8,280,4.2,1.0,0.95,Sub-Healthy
2026-03-06 00:35:00,GEN005,2991,49.7,10.7,314,4.2,1.0,0.95,Sub-Healthy
2026-03-06 01:15:00,GEN003,2999,49.9,11.1,279,4.7,0.6,0.98,Healthy
2026-03-06 03:30:00,GEN006,2977,49.3,10.3,388,3.7,1.5,0.93,Abnormal
2026-03-06 03:45:00,GEN003,2981,49.5,10.4,333,4.0,1.3,0.92,Abnormal
2026-03-06 05:20:00,GEN002,3003,50.0,10.9,244,4.6,0.6,0.97,Healthy
2026-03-06 06:45:00,GEN002,2986,49.9,10.7,296,4.5,0.9,0.97,Sub-Healthy
2026-03-06 07:00:00,GEN001,2996,50.0,11.0,253,4.7,0.7,0.99,Healthy
2026-03-06 08:55:00,GEN005,2963,48.1,9.2,468,3.6,2.1,0.7,Fault
2026-03-06 12:10:00,GEN006,2981,49.4,10.5,369,4.1,1.5,0.86,Abnormal
2026-03-06 15:00:00,GEN001,2984,49.4,10.4,369,3.8,1.2,0.93,Abnormal
2026-03-06 15:35:00,GEN005,2993,49.8,10.8,287,4.6,0.8,0.96,Sub-Healthy
2026-03-06 21:25:00,GEN008,2978,49.4,10.4,381,3.8,1.4,0.88,Abnormal
2026-03-06 22:15:00,GEN003,2976,49.5,10.4,329,3.8,1.5,0.89,Abnormal
2026-03-06 22:30:00,GEN008,2985,49.9,10.8,305,4.4,1.0,0.96,Sub-Healthy
2026-03-06 22:55:00,GEN001,2954,48.7,9.0,536,2.6,2.0,0.65,Fault
2026-03-07 01:05:00,GEN006,2992,49.7,10.8,291,4.5,1.0,0.94,Sub-Healthy
2026-03-07 02:35:00,GEN006,2991,49.7,10.8,282,4.4,0.8,0.95,Sub-Healthy
2026-03-07 03:15:00,GEN003,2979,49.6,10.6,342,4.0,1.4,0.9,Abnormal
2026-03-07 05:35:00,GEN006,2999,50.1,10.9,251,4.8,0.6,0.99,Healthy
2026-03-07 07:10:00,GEN003,3003,49.9,11.1,259,4.7,0.6,0.98,Healthy
2026-03-07 07:30:00,GEN007,3004,50.0,10.9,258,4.7,0.6,0.98,Healthy
2026-03-07 08:05:00,GEN002,2985,49.8,10.8,284,4.2,1.0,0.95,Sub-Healthy
2026-03-07 08:10:00,GEN004,2976,49.2,10.2,364,4.2,1.6,0.88,Abnormal
2026-03-07 12:10:00,GEN001,2988,49.8,10.8,301,4.4,0.9,0.96,Sub-Healthy
2026-03-07 12:55:00,GEN003,2983,49.2,10.5,382,4.0,1.6,0.9,Abnormal
2026-03-07 13:30:00,GEN007,2994,49.8,10.7,282,4.2,0.8,0.95,Sub-Healthy
2026-03-07 15:40:00,GEN009,2992,49.8,10.8,309,4.5,0.8,0.93,Sub-Healthy
2026-03-07 16:15:00,GEN002,2998,49.9,11.1,267,4.9,0.7,0.99,Healthy
2026-03-07 17:30:00,GEN006,2989,49.7,10.8,296,4.2,1.0,0.95,Sub-Healthy
2026-03-07 19:30:00,GEN008,2996,50.1,11.1,275,4.7,0.5,1.0,Healthy
2026-03-07 23:30:00,GEN004,2972,49.6,10.4,321,4.0,1.2,0.87,Abnormal
2026-03-08 00:10:00,GEN010,2994,49.9,10.9,288,4.6,1.1,0.96,Sub-Healthy
2026-03-08 00:15:00,GEN007,2959,48.9,9.5,441,2.5,1.8,0.68,Fault
2026-03-08 00:55:00,GEN009,2989,49.8,10.7,287,4.4,0.9,0.95,Sub-Healthy
2026-03-08 01:45:00,GEN009,2964,49.1,9.8,410,2.7,2.5,0.84,Fault
2026-03-08 03:20:00,GEN008,2984,49.7,10.6,357,3.8,1.5,0.91,Abnormal
2026-03-08 03:30:00,GEN007,2978,49.4,10.7,337,3.8,1.6,0.91,Abnormal
2026-03-08 05:45:00,GEN008,2991,49.9,10.8,306,4.5,1.0,0.95,Sub-Healthy
2026-03-08 08:10:00,GEN010,2993,49.8,10.7,314,4.3,0.9,0.95,Sub-Healthy
2026-03-08 08:50:00,GEN006,2971,49.6,10.3,356,3.9,1.2,0.88,Abnormal
2026-03-08 09:00:00,GEN005,2999,50.0,11.1,252,4.9,0.6,0.99,Healthy
2026-03-08 10:05:00,GEN010,2987,49.9,10.7,299,4.5,1.0,0.94,Sub-Healthy
2026-03-08 12:40:00,GEN009,2978,49.4,10.3,380,4.0,1.1,0.88,Abnormal
2026-03-08 13:50:00,GEN006,2995,49.8,10.8,298,4.3,0.8,0.94,Sub-Healthy
2026-03-08 15:10:00,GEN008,3001,50.1,11.1,273,4.7,0.7,1.0,Healthy
2026-03-08 15:15:00,GEN008,2967,49.1,9.3,447,2.7,1.9,0.68,Fault
2026-03-08 17:00:00,GEN002,2999,50.0,11.1,243,4.6,0.7,0.99,Healthy
2026-03-08 20:40:00,GEN007,2986,49.9,10.9,294,4.5,0.9,0.94,Sub-Healthy
2026-03-08 23:00:00,GEN002,3004,50.0,11.0,248,4.9,0.6,0.97,Healthy
2026-03-09 03:00:00,GEN008,2987,49.9,10.7,311,4.6,0.9,0.93,Sub-Healthy
2026-03-09 03:45:00,GEN010,2971,49.5,10.5,345,3.7,1.1,0.89,Abnormal
2026-03-09 05:45:00,GEN008,2997,49.9,11.0,266,4.7,0.6,0.98,Healthy
2026-03-09 07:45:00,GEN006,2993,49.9,10.8,294,4.2,0.8,0.93,Sub-Healthy
2026-03-09 08:45:00,GEN002,2986,49.8,10.8,285,4.5,0.9,0.95,Sub-Healthy
2026-03-09 10:10:00,GEN002,2992,49.7,10.8,311,4.4,0.8,0.93,Sub-Healthy
2026-03-09 13:05:00,GEN010,2993,49.8,10.8,281,4.5,0.9,0.96,Sub-Healthy
2026-03-09 13:40:00,GEN004,2979,49.5,10.7,344,4.0,1.4,0.87,Abnormal
2026-03-09 14:25:00,GEN001,2993,49.8,10.7,305,4.6,1.0,0.97,Sub-Healthy
2026-03-09 14:45:00,GEN002,2993,49.7,10.7,300,4.5,1.0,0.95,Sub-Healthy
2026-03-09 15:15:00,GEN008,3002,50.0,10.9,255,4.9,0.7,0.99,Healthy
2026-03-09 16:10:00,GEN003,2994,49.7,10.9,301,4.5,0.9,0.93,Sub-Healthy
2026-03-09 17:45:00,GEN007,2994,49.7,10.7,309,4.5,1.1,0.93,Sub-Healthy
2026-03-09 18:35:00,GEN002,2992,49.7,10.9,311,4.4,0.9,0.95,Sub-Healthy
2026-03-09 20:05:00,GEN001,2995,49.9,10.7,310,4.3,0.8,0.96,Sub-Healthy
2026-03-09 21:40:00,GEN004,2982,49.3,10.5,384,3.9,1.1,0.89,Abnormal
2026-03-09 21:50:00,GEN008,2992,49.8,10.7,284,4.2,1.0,0.95,Sub-Healthy
2026-03-09 23:15:00,GEN010,2997,50.0,11.0,259,4.8,0.6,0.97,Healthy
2026-03-10 01:05:00,GEN002,2996,50.0,10.9,241,4.6,0.6,0.98,Healthy
2026-03-10 01:05:00,GEN009,2991,49.9,10.8,299,4.2,1.1,0.94,Sub-Healthy
2026-03-10 01:10:00,GEN006,2988,49.8,10.9,293,4.4,0.9,0.96,Sub-Healthy
2026-03-10 02:00:00,GEN010,2993,49.9,10.9,293,4.5,0.9,0.97,Sub-Healthy
2026-03-10 02:00:00,GEN005,3005,50.1,11.0,266,4.6,0.8,0.98,Healthy
2026-03-10 02:20:00,GEN009,2993,49.9,10.9,291,4.2,0.9,0.96,Sub-Healthy
2026-03-10 03:00:00,GEN003,2999,50.0,11.0,257,4.8,0.7,0.97,Healthy
2026-03-10 03:50:00,GEN008,2983,49.5,10.5,378,4.0,1.1,0.91,Abnormal
2026-03-10 08:10:00,GEN004,2992,49.8,10.8,307,4.3,1.0,0.96,Sub-Healthy
2026-03-10 08:25:00,GEN009,2991,49.8,10.8,300,4.3,0.9,0.94,Sub-Healthy
2026-03-10 08:45:00,GEN009,2950,48.8,9.6,414,2.6,1.8,0.65,Fault
2026-03-10 08:55:00,GEN005,2999,50.1,11.0,259,4.9,0.6,0.98,Healthy
2026-03-10 10:30:00,GEN002,3001,50.0,11.1,276,5.0,0.7,0.98,Healthy
2026-03-10 14:15:00,GEN006,3000,49.9,11.1,257,4.8,0.5,0.99,Healthy
2026-03-10 14:25:00,GEN002,2983,49.3,10.2,391,3.8,1.1,0.91,Abnormal
2026-03-10 16:05:00,GEN002,2973,49.6,10.3,376,4.1,1.2,0.87,Abnormal
2026-03-10 16:05:00,GEN007,2990,49.8,10.8,309,4.4,1.0,0.95,Sub-Healthy
2026-03-10 16:30:00,GEN007,2981,49.3,10.2,392,4.1,1.2,0.87,Abnormal
2026-03-10 17:50:00,GEN006,2955,48.3,9.8,465,3.5,2.5,0.69,Fault
2026-03-10 18:10:00,GEN002,2994,49.7,10.7,295,4.4,1.1,0.96,Sub-Healthy
2026-03-10 18:20:00,GEN001,2989,49.7,10.8,297,4.3,1.1,0.97,Sub-Healthy
2026-03-10 18:40:00,GEN004,2983,49.3,10.2,351,4.1,1.6,0.92,Abnormal
2026-03-10 18:55:00,GEN001,3004,50.0,11.1,264,4.8,0.6,0.99,Healthy
2026-03-10 19:50:00,GEN009,2997,49.9,10.9,261,4.7,0.7,1.0,Healthy
2026-03-10 19:50:00,GEN007,2967,49.0,10.2,535,3.0,2.0,0.82,Fault
2026-03-10 20:25:00,GEN003,2988,49.8,10.8,306,4.4,1.0,0.94,Sub-Healthy
2026-03-10 21:05:00,GEN005,2995,49.8,10.8,302,4.4,0.9,0.94,Sub-Healthy
2026-03-10 22:05:00,GEN006,2993,49.7,10.7,299,4.2,0.9,0.94,Sub-Healthy
2026-03-11 00:15:00,GEN005,2976,49.2,10.3,339,4.1,1.3,0.87,Abnormal
2026-03-11 00:25:00,GEN004,2989,49.8,10.8,280,4.5,0.9,0.95,Sub-Healthy
2026-03-11 02:40:00,GEN003,2973,49.3,10.7,341,4.1,1.4,0.91,Abnormal
2026-03-11 05:30:00,GEN001,2994,49.7,10.8,317,4.6,0.8,0.94,Sub-Healthy
2026-03-11 06:25:00,GEN002,3002,50.0,11.0,244,5.0,0.5,0.98,Healthy
2026-03-11 07:20:00,GEN007,2984,49.5,10.4,352,4.1,1.3,0.9,Abnormal
2026-03-11 07:35:00,GEN007,3002,50.0,11.0,243,5.0,0.7,0.99,Healthy
2026-03-11 09:05:00,GEN008,2989,49.9,10.8,292,4.6,1.0,0.94,Sub-Healthy
2026-03-11 09:15:00,GEN009,2956,48.1,10.1,539,3.5,2.1,0.74,Fault
2026-03-11 10:40:00,GEN008,2970,49.4,10.4,322,4.0,1.4,0.86,Abnormal
2026-03-11 11:10:00,GEN001,2991,49.8,10.8,307,4.3,0.8,0.96,Sub-Healthy
2026-03-11 15:40:00,GEN004,2998,50.0,11.0,246,4.9,0.7,1.0,Healthy
2026-03-11 16:40:00,GEN007,2946,48.7,9.3,410,3.4,1.9,0.7,Fault
2026-03-11 21:30:00,GEN002,2965,49.0,9.7,444,2.5,2.2,0.81,Fault
2026-03-12 07:50:00,GEN010,2982,49.4,10.5,365,3.9,1.4,0.87,Abnormal
2026-03-12 08:55:00,GEN010,2983,49.7,10.6,325,3.9,1.5,0.91,Abnormal
2026-03-12 10:50:00,GEN008,2996,50.0,10.9,245,4.8,0.7,0.99,Healthy
2026-03-12 14:55:00,GEN010,2997,50.0,11.0,276,4.8,0.7,0.99,Healthy
2026-03-12 16:15:00,GEN009,2992,49.8,10.9,283,4.5,1.0,0.93,Sub-Healthy
2026-03-12 18:50:00,GEN010,2985,49.6,10.6,348,4.0,1.6,0.88,Abnormal
2026-03-12 21:05:00,GEN004,2994,49.7,10.8,312,4.3,0.8,0.95,Sub-Healthy
2026-03-12 23:40:00,GEN004,2990,49.9,10.8,312,4.6,0.9,0.96,Sub-Healthy
2026-03-13 00:55:00,GEN002,2993,49.9,10.8,318,4.3,1.0,0.94,Sub-Healthy
2026-03-13 07:15:00,GEN009,2991,49.8,10.7,303,4.3,0.9,0.96,Sub-Healthy
2026-03-13 10:15:00,GEN004,2986,49.9,10.7,315,4.4,0.9,0.95,Sub-Healthy
2026-03-13 10:25:00,GEN005,2989,49.7,10.8,296,4.2,0.9,0.96,Sub-Healthy
2026-03-13 14:20:00,GEN010,3003,50.0,11.0,275,4.8,0.8,0.99,Healthy
2026-03-13 16:35:00,GEN010,2986,49.7,10.7,302,4.3,1.0,0.96,Sub-Healthy
2026-03-13 20:35:00,GEN008,2977,49.6,10.7,348,3.7,1.2,0.89,Abnormal
2026-03-13 21:30:00,GEN003,2973,49.4,10.2,375,3.8,1.4,0.86,Abnormal
2026-03-13 22:00:00,GEN006,2980,49.2,10.6,349,3.8,1.4,0.85,Abnormal
2026-03-13 22:15:00,GEN007,2994,49.8,10.8,305,4.5,1.0,0.96,Sub-Healthy
2026-03-13 22:55:00,GEN001,2987,49.9,10.8,305,4.2,0.9,0.96,Sub-Healthy
2026-03-14 01:00:00,GEN007,2988,49.7,10.9,317,4.5,1.0,0.96,Sub-Healthy
2026-03-14 02:00:00,GEN006,2988,49.9,10.8,289,4.3,0.8,0.97,Sub-Healthy
2026-03-14 05:55:00,GEN003,2984,49.5,10.4,342,4.0,1.4,0.87,Abnormal
2026-03-14 06:05:00,GEN010,2986,49.9,10.9,301,4.4,0.9,0.95,Sub-Healthy
2026-03-14 11:10:00,GEN008,2986,49.8,10.7,307,4.6,0.9,0.93,Sub-Healthy
2026-03-14 12:25:00,GEN004,3003,49.9,11.0,264,4.9,0.6,0.99,Healthy
2026-03-14 13:30:00,GEN002,2991,49.8,10.9,309,4.6,1.0,0.96,Sub-Healthy
2026-03-14 13:45:00,GEN010,2973,49.6,10.7,364,4.0,1.3,0.91,Abnormal
2026-03-14 14:55:00,GEN002,2993,49.8,10.8,295,4.4,0.9,0.94,Sub-Healthy
2026-03-14 15:05:00,GEN006,3002,50.0,11.1,260,4.7,0.7,0.99,Healthy
2026-03-14 16:40:00,GEN002,2990,49.8,10.7,305,4.3,1.0,0.95,Sub-Healthy
2026-03-14 17:50:00,GEN002,2997,50.0,11.0,257,4.7,0.7,0.99,Healthy
2026-03-14 22:15:00,GEN010,2973,49.5,10.3,321,4.1,1.3,0.93,Abnormal
2026-03-14 22:40:00,GEN007,2963,49.1,9.1,539,3.2,2.3,0.61,Fault
2026-03-15 01:20:00,GEN002,3002,49.9,11.0,277,4.6,0.6,1.0,Healthy
2026-03-15 10:20:00,GEN005,2993,49.8,10.7,298,4.5,1.1,0.94,Sub-Healthy
2026-03-15 15:20:00,GEN006,2997,50.0,11.0,253,5.0,0.8,0.97,Healthy
2026-03-16 03:35:00,GEN003,2989,49.9,10.8,285,4.5,1.0,0.96,Sub-Healthy
2026-03-16 04:40:00,GEN004,2988,49.9,10.9,300,4.6,1.1,0.96,Sub-Healthy
2026-03-16 04:55:00,GEN006,2971,49.6,10.5,341,4.0,1.2,0.86,Abnormal
2026-03-16 04:55:00,GEN008,2992,49.8,10.8,290,4.5,0.9,0.96,Sub-Healthy
2026-03-16 06:50:00,GEN009,2989,49.9,10.9,312,4.4,1.1,0.94,Sub-Healthy
2026-03-16 08:10:00,GEN008,2991,49.8,10.8,290,4.5,0.9,0.95,Sub-Healthy
2026-03-16 09:20:00,GEN007,2993,49.9,10.8,305,4.4,0.8,0.94,Sub-Healthy
2026-03-16 09:45:00,GEN009,2992,49.8,10.9,315,4.4,1.1,0.96,Sub-Healthy
2026-03-16 10:50:00,GEN005,2988,49.8,10.8,317,4.3,1.0,0.93,Sub-Healthy
2026-03-16 11:20:00,GEN003,3004,50.0,11.1,243,4.9,0.7,1.0,Healthy
2026-03-16 12:15:00,GEN006,2995,50.0,11.1,268,4.8,0.6,0.99,Healthy
2026-03-16 12:50:00,GEN009,2992,49.8,10.7,284,4.4,1.1,0.95,Sub-Healthy
2026-03-16 16:15:00,GEN010,2992,49.9,10.8,313,4.5,1.0,0.93,Sub-Healthy
2026-03-16 18:15:00,GEN001,2971,49.5,10.3,380,4.0,1.4,0.87,Abnormal
2026-03-16 21:25:00,GEN006,2987,49.8,10.8,313,4.3,0.9,0.94,Sub-Healthy
2026-03-16 22:05:00,GEN007,2983,49.4,10.3,345,3.8,1.4,0.86,Abnormal
2026-03-16 22:10:00,GEN005,2972,49.5,10.2,344,3.8,1.4,0.91,Abnormal
2026-03-16 22:55:00,GEN001,2980,49.2,10.7,375,3.8,1.1,0.88,Abnormal
2026-03-17 01:20:00,GEN009,2967,48.3,10.1,478,2.8,2.4,0.61,Fault
2026-03-17 01:35:00,GEN005,2980,49.6,10.3,389,4.0,1.1,0.89,Abnormal
2026-03-17 04:40:00,GEN003,2992,49.9,10.8,310,4.2,0.8,0.94,Sub-Healthy
2026-03-17 05:05:00,GEN009,2998,50.0,10.9,278,4.9,0.7,0.98,Healthy
2026-03-17 08:20:00,GEN008,2999,50.0,10.9,258,4.8,0.7,1.0,Healthy
2026-03-17 09:45:00,GEN003,2997,50.0,10.9,257,4.8,0.6,1.0,Healthy
2026-03-17 10:20:00,GEN008,2985,49.9,10.8,283,4.5,1.0,0.96,Sub-Healthy
2026-03-17 18:50:00,GEN008,2989,49.9,10.9,298,4.5,1.1,0.95,Sub-Healthy
2026-03-17 19:40:00,GEN007,2999,49.9,11.1,247,5.0,0.5,0.99,Healthy
2026-03-17 20:05:00,GEN008,2990,49.8,10.8,310,4.5,0.9,0.94,Sub-Healthy
2026-03-17 20:05:00,GEN009,2982,49.5,10.6,333,3.9,1.6,0.86,Abnormal
2026-03-17 20:15:00,GEN009,3005,50.0,11.0,256,4.6,0.6,0.99,Healthy
2026-03-17 23:35:00,GEN009,3004,50.0,11.1,244,4.9,0.5,0.98,Healthy
2026-03-17 23:40:00,GEN008,2948,49.2,9.7,418,2.8,1.9,0.85,Fault
2026-03-18 02:05:00,GEN003,2991,49.8,10.7,282,4.3,1.1,0.94,Sub-Healthy
2026-03-18 02:40:00,GEN006,2986,49.7,10.9,310,4.6,1.1,0.97,Sub-Healthy
2026-03-18 03:15:00,GEN004,2989,49.7,10.9,317,4.4,0.9,0.94,Sub-Healthy
2026-03-18 05:15:00,GEN006,3000,49.9,11.0,258,4.6,0.8,0.99,Healthy
2026-03-18 06:55:00,GEN006,2990,49.9,10.7,284,4.5,0.9,0.97,Sub-Healthy
2026-03-18 09:20:00,GEN009,2996,50.1,11.1,242,4.9,0.7,1.0,Healthy
2026-03-18 09:45:00,GEN010,2955,48.7,9.5,519,3.2,1.6,0.74,Fault
2026-03-18 10:30:00,GEN006,2996,50.0,11.0,261,5.0,0.8,0.98,Healthy
2026-03-18 11:25:00,GEN006,2990,49.7,10.7,304,4.3,0.9,0.97,Sub-Healthy
2026-03-18 11:30:00,GEN006,2986,49.8,10.7,312,4.5,0.8,0.95,Sub-Healthy
2026-03-18 13:00:00,GEN002,2988,49.8,10.7,302,4.2,1.1,0.96,Sub-Healthy
2026-03-18 13:05:00,GEN002,2993,49.7,10.9,291,4.5,0.8,0.94,Sub-Healthy
2026-03-18 13:10:00,GEN008,2992,49.8,10.9,306,4.4,0.8,0.94,Sub-Healthy
2026-03-18 13:35:00,GEN007,2993,49.7,10.8,286,4.4,1.0,0.93,Sub-Healthy
2026-03-18 15:40:00,GEN005,3002,50.0,11.0,264,4.9,0.7,0.99,Healthy
2026-03-18 15:50:00,GEN010,2993,49.9,10.8,319,4.6,0.9,0.96,Sub-Healthy
2026-03-18 17:35:00,GEN008,2969,48.6,9.4,407,2.5,2.0,0.83,Fault
2026-03-18 19:50:00,GEN003,2989,49.9,10.8,310,4.6,1.1,0.97,Sub-Healthy
2026-03-18 21:15:00,GEN006,2976,49.5,10.7,346,4.0,1.5,0.91,Abnormal
2026-03-18 23:45:00,GEN003,2982,49.6,10.7,354,4.1,1.4,0.87,Abnormal
2026-03-19 01:50:00,GEN005,3002,50.1,11.1,253,4.7,0.6,0.99,Healthy
2026-03-19 02:45:00,GEN002,2991,49.7,10.7,314,4.4,0.9,0.96,Sub-Healthy
2026-03-19 04:30:00,GEN007,3001,49.9,11.1,273,5.0,0.5,1.0,Healthy
2026-03-19 07:20:00,GEN008,2981,49.5,10.6,373,3.9,1.2,0.89,Abnormal
2026-03-19 08:35:00,GEN004,2982,49.6,10.3,362,3.8,1.1,0.91,Abnormal
2026-03-19 08:35:00,GEN002,2990,49.7,10.8,304,4.3,1.0,0.97,Sub-Healthy
2026-03-19 09:30:00,GEN009,2990,49.8,10.9,296,4.5,0.9,0.93,Sub-Healthy
2026-03-19 10:20:00,GEN008,2988,49.8,10.8,311,4.5,1.1,0.94,Sub-Healthy
2026-03-19 11:55:00,GEN007,2997,50.1,11.0,255,4.8,0.8,0.97,Healthy
2026-03-19 15:05:00,GEN005,2986,49.9,10.9,314,4.6,0.9,0.95,Sub-Healthy
2026-03-19 15:20:00,GEN009,2988,49.8,10.9,298,4.3,1.1,0.93,Sub-Healthy
2026-03-19 19:45:00,GEN005,2990,49.9,10.8,306,4.2,0.9,0.94,Sub-Healthy
2026-03-19 19:50:00,GEN007,2990,49.7,10.7,282,4.6,0.8,0.93,Sub-Healthy
2026-03-19 20:05:00,GEN007,2996,50.0,11.0,242,4.7,0.6,0.98,Healthy
2026-03-20 03:20:00,GEN005,3004,50.1,10.9,273,4.9,0.7,0.98,Healthy
2026-03-20 05:05:00,GEN010,2999,49.9,10.9,266,4.7,0.6,1.0,Healthy
2026-03-20 05:45:00,GEN005,3003,50.0,11.0,265,4.6,0.8,0.98,Healthy
2026-03-20 05:50:00,GEN009,3000,50.1,11.0,261,5.0,0.7,0.98,Healthy
2026-03-20 09:50:00,GEN004,2994,49.8,10.8,289,4.4,1.0,0.94,Sub-Healthy
2026-03-20 11:40:00,GEN010,2990,49.9,10.9,314,4.5,1.0,0.94,Sub-Healthy
2026-03-20 12:15:00,GEN010,2987,49.9,10.9,300,4.3,0.9,0.96,Sub-Healthy
2026-03-20 12:40:00,GEN004,2980,49.6,10.3,398,4.1,1.4,0.88,Abnormal
2026-03-20 12:55:00,GEN001,2965,49.1,10.0,521,2.9,2.2,0.74,Fault
2026-03-20 13:45:00,GEN001,2995,49.7,10.8,306,4.5,0.9,0.96,Sub-Healthy
2026-03-20 20:40:00,GEN005,2979,49.5,10.6,354,4.0,1.4,0.87,Abnormal
2026-03-21 03:10:00,GEN010,3002,49.9,11.0,242,4.8,0.8,0.98,Healthy
2026-03-21 03:30:00,GEN002,3002,49.9,11.0,267,4.7,0.7,0.99,Healthy
2026-03-21 06:40:00,GEN002,3001,50.0,11.1,258,4.9,0.5,0.97,Healthy
2026-03-21 07:55:00,GEN007,2994,49.9,10.9,314,4.6,0.9,0.93,Sub-Healthy
2026-03-21 08:05:00,GEN007,2963,48.8,9.8,450,3.3,1.8,0.83,Fault
2026-03-21 09:25:00,GEN010,2970,49.3,10.3,337,3.8,1.3,0.89,Abnormal
2026-03-21 15:45:00,GEN010,2969,48.5,9.9,458,2.7,2.4,0.6,Fault
2026-03-21 18:25:00,GEN008,2977,49.5,10.7,364,4.0,1.1,0.93,Abnormal
2026-03-21 18:45:00,GEN006,2998,50.1,11.0,261,4.8,0.5,0.99,Healthy
2026-03-21 22:05:00,GEN010,2985,49.8,10.8,306,4.3,0.9,0.96,Sub-Healthy
2026-03-21 22:10:00,GEN003,2986,49.9,10.7,313,4.2,0.9,0.93,Sub-Healthy
2026-03-21 22:45:00,GEN006,2999,50.0,11.1,269,4.8,0.6,0.97,Healthy
2026-03-21 23:35:00,GEN008,2974,49.5,10.3,395,4.1,1.3,0.91,Abnormal
2026-03-22 00:50:00,GEN005,2988,49.8,10.8,304,4.5,1.1,0.95,Sub-Healthy
2026-03-22 06:15:00,GEN005,2994,49.9,10.8,308,4.3,1.1,0.94,Sub-Healthy
2026-03-22 06:25:00,GEN004,2975,49.7,10.4,361,3.8,1.5,0.91,Abnormal
2026-03-22 07:50:00,GEN004,2980,49.4,10.6,320,3.8,1.2,0.93,Abnormal
2026-03-22 08:55:00,GEN005,2976,49.2,10.3,372,3.9,1.6,0.92,Abnormal
2026-03-22 10:25:00,GEN002,3003,50.0,10.9,257,4.8,0.6,0.98,Healthy
2026-03-22 12:35:00,GEN008,2994,49.7,10.9,281,4.3,1.1,0.96,Sub-Healthy
2026-03-22 14:15:00,GEN001,2985,49.9,10.8,302,4.5,1.1,0.95,Sub-Healthy
2026-03-22 17:30:00,GEN004,3001,50.1,11.1,273,4.7,0.6,0.98,Healthy
2026-03-22 18:15:00,GEN002,2996,49.9,11.1,259,4.9,0.5,0.98,Healthy
2026-03-22 19:55:00,GEN005,2973,49.5,10.2,338,4.1,1.3,0.89,Abnormal
2026-03-22 20:10:00,GEN003,3004,50.1,11.0,272,4.7,0.7,0.98,Healthy
2026-03-22 20:25:00,GEN002,2985,49.8,10.7,296,4.6,1.0,0.97,Sub-Healthy
2026-03-22 21:55:00,GEN008,2993,49.8,10.8,308,4.4,1.0,0.94,Sub-Healthy
2026-03-23 00:10:00,GEN001,2980,49.4,10.6,392,4.1,1.2,0.86,Abnormal
2026-03-23 00:35:00,GEN004,2972,49.6,10.3,361,3.9,1.5,0.87,Abnormal
2026-03-23 06:10:00,GEN006,2976,49.3,10.4,384,4.1,1.1,0.9,Abnormal
2026-03-23 08:20:00,GEN004,2987,49.8,10.7,296,4.2,0.8,0.94,Sub-Healthy
2026-03-23 08:25:00,GEN006,2956,48.7,9.9,441,3.3,2.2,0.7,Fault
2026-03-23 12:30:00,GEN009,2950,48.1,9.6,424,3.0,1.7,0.84,Fault
2026-03-23 12:40:00,GEN002,2989,49.7,10.7,313,4.3,1.0,0.94,Sub-Healthy
2026-03-23 13:10:00,GEN006,3004,49.9,11.1,264,4.6,0.5,0.97,Healthy
2026-03-23 14:00:00,GEN010,2989,49.9,10.8,317,4.4,1.0,0.94,Sub-Healthy
2026-03-23 18:35:00,GEN003,2995,50.0,11.0,278,4.6,0.7,0.99,Healthy
2026-03-23 21:05:00,GEN001,2975,49.7,10.5,383,4.2,1.2,0.88,Abnormal
2026-03-23 21:05:00,GEN006,2986,49.7,10.7,304,4.6,1.0,0.96,Sub-Healthy
2026-03-24 01:35:00,GEN001,2975,49.3,10.5,325,3.8,1.1,0.9,Abnormal
2026-03-24 01:35:00,GEN010,2959,48.0,9.7,521,3.2,1.9,0.78,Fault
2026-03-24 02:50:00,GEN004,2943,49.1,9.8,464,2.7,2.4,0.65,Fault
2026-03-24 12:10:00,GEN005,3001,50.0,11.0,273,4.8,0.6,0.98,Healthy
2026-03-24 15:35:00,GEN010,2995,50.0,11.1,253,4.9,0.7,0.99,Healthy
2026-03-24 16:10:00,GEN004,2987,49.8,10.8,309,4.2,0.8,0.96,Sub-Healthy
2026-03-24 17:30:00,GEN010,2987,49.8,10.9,310,4.4,0.8,0.93,Sub-Healthy
2026-03-24 17:40:00,GEN003,2992,49.7,10.8,305,4.3,1.1,0.94,Sub-Healthy
2026-03-24 21:15:00,GEN006,2992,49.7,10.9,289,4.3,1.1,0.94,Sub-Healthy
2026-03-24 21:15:00,GEN009,2948,48.5,10.2,459,2.6,2.1,0.83,Fault
2026-03-24 22:50:00,GEN007,2964,48.2,9.1,513,2.9,2.0,0.66,Fault
2026-03-24 22:50:00,GEN008,2983,49.5,10.3,354,3.9,1.4,0.9,Abnormal
2026-03-24 23:15:00,GEN008,3000,50.1,11.0,254,4.9,0.8,0.97,Healthy
2026-03-25 00:15:00,GEN003,2971,49.3,10.3,349,4.0,1.3,0.86,Abnormal
2026-03-25 01:55:00,GEN001,2985,49.8,10.9,317,4.3,0.9,0.95,Sub-Healthy
2026-03-25 05:25:00,GEN005,3001,50.0,11.0,268,4.9,0.6,0.99,Healthy
2026-03-25 05:55:00,GEN010,2992,49.8,10.9,291,4.3,0.8,0.96,Sub-Healthy
2026-03-25 07:25:00,GEN003,2995,49.8,10.9,295,4.3,0.8,0.96,Sub-Healthy
2026-03-25 09:20:00,GEN003,2991,49.7,10.7,305,4.4,1.0,0.94,Sub-Healthy
2026-03-25 09:25:00,GEN005,2964,48.3,9.9,507,3.5,1.6,0.64,Fault
2026-03-25 09:35:00,GEN010,2999,50.0,11.0,263,4.8,0.8,1.0,Healthy
2026-03-25 10:25:00,GEN010,2995,50.1,10.9,261,4.8,0.8,0.98,Healthy
2026-03-25 11:45:00,GEN010,2995,49.9,11.1,272,4.9,0.5,0.99,Healthy
2026-03-25 12:10:00,GEN010,3002,49.9,11.0,256,4.9,0.7,0.98,Healthy
2026-03-25 12:20:00,GEN007,2941,48.0,9.6,425,3.3,2.3,0.66,Fault
2026-03-25 12:30:00,GEN002,2980,49.7,10.6,342,3.7,1.6,0.92,Abnormal
2026-03-25 13:35:00,GEN004,2987,49.8,10.9,300,4.3,1.1,0.94,Sub-Healthy
2026-03-25 14:05:00,GEN006,2994,49.8,10.7,290,4.2,0.9,0.94,Sub-Healthy
2026-03-25 14:55:00,GEN003,2986,49.7,10.7,317,4.3,1.0,0.97,Sub-Healthy
2026-03-25 15:05:00,GEN002,2989,49.9,10.8,280,4.3,1.1,0.97,Sub-Healthy
2026-03-25 15:50:00,GEN003,2987,49.8,10.8,290,4.3,1.0,0.94,Sub-Healthy
2026-03-25 15:55:00,GEN003,2993,49.8,10.8,280,4.2,1.0,0.95,Sub-Healthy
2026-03-25 16:00:00,GEN001,2999,49.9,10.9,241,4.6,0.6,0.99,Healthy
2026-03-25 16:20:00,GEN005,3001,49.9,11.0,276,4.8,0.8,0.98,Healthy
2026-03-25 17:00:00,GEN010,3001,50.0,11.0,252,4.8,0.6,1.0,Healthy
2026-03-25 19:55:00,GEN003,2987,49.8,10.8,295,4.6,0.8,0.95,Sub-Healthy
2026-03-25 20:55:00,GEN007,2992,49.9,10.8,292,4.4,0.9,0.95,Sub-Healthy
2026-03-25 23:05:00,GEN009,3003,50.0,11.0,279,4.9,0.8,0.99,Healthy
2026-03-25 23:55:00,GEN010,2997,50.0,11.0,261,4.8,0.6,1.0,Healthy
2026-03-26 07:40:00,GEN003,2993,49.8,10.7,286,4.2,1.1,0.97,Sub-Healthy
2026-03-26 08:00:00,GEN010,2984,49.3,10.3,337,3.9,1.5,0.9,Abnormal
2026-03-26 10:30:00,GEN005,2975,49.6,10.7,390,3.8,1.3,0.91,Abnormal
2026-03-26 11:30:00,GEN006,2994,49.8,10.8,311,4.5,0.9,0.95,Sub-Healthy
2026-03-26 11:35:00,GEN008,2993,49.9,10.9,283,4.5,1.1,0.95,Sub-Healthy
2026-03-26 11:45:00,GEN009,2971,49.7,10.5,376,3.8,1.4,0.9,Abnormal
2026-03-26 14:30:00,GEN005,2996,50.0,10.9,245,4.7,0.7,0.98,Healthy
2026-03-26 16:40:00,GEN009,2989,49.8,10.8,289,4.5,0.9,0.96,Sub-Healthy
2026-03-26 19:35:00,GEN009,2978,49.6,10.3,389,3.8,1.5,0.86,Abnormal
2026-03-26 19:55:00,GEN002,3004,50.0,11.0,275,4.9,0.8,0.97,Healthy
2026-03-27 00:00:00,GEN010,2996,50.0,10.9,243,4.7,0.5,0.97,Healthy
2026-03-27 00:40:00,GEN006,2951,48.4,9.0,464,3.0,1.8,0.66,Fault
2026-03-27 01:10:00,GEN001,2992,49.8,10.9,309,4.4,1.1,0.95,Sub-Healthy
2026-03-27 02:05:00,GEN007,2993,49.9,10.9,297,4.3,1.0,0.96,Sub-Healthy
2026-03-27 05:10:00,GEN006,2984,49.4,10.4,349,4.0,1.3,0.91,Abnormal
2026-03-27 06:35:00,GEN009,2979,49.4,10.4,365,4.2,1.3,0.89,Abnormal
2026-03-27 08:25:00,GEN005,2995,50.0,11.0,253,4.6,0.6,0.99,Healthy
2026-03-27 09:30:00,GEN003,2993,49.7,10.8,296,4.3,0.8,0.94,Sub-Healthy
2026-03-27 11:40:00,GEN009,2990,49.9,10.9,294,4.5,0.9,0.95,Sub-Healthy
2026-03-27 16:05:00,GEN001,2994,49.9,10.8,306,4.6,1.1,0.95,Sub-Healthy
2026-03-27 17:25:00,GEN006,2988,49.8,10.8,287,4.6,0.8,0.95,Sub-Healthy
2026-03-27 18:15:00,GEN003,2999,49.9,11.1,255,4.8,0.6,0.98,Healthy
2026-03-27 18:20:00,GEN003,2990,49.9,10.8,318,4.5,0.8,0.95,Sub-Healthy
2026-03-27 18:25:00,GEN008,2986,49.7,10.7,312,4.4,1.0,0.94,Sub-Healthy
2026-03-27 18:45:00,GEN001,2981,49.5,10.7,353,3.9,1.2,0.87,Abnormal
2026-03-27 23:55:00,GEN003,2991,49.8,10.7,282,4.5,1.0,0.96,Sub-Healthy
2026-03-28 03:00:00,GEN006,2998,50.0,11.0,248,5.0,0.8,0.99,Healthy
2026-03-28 06:20:00,GEN007,2991,49.9,10.8,302,4.4,0.8,0.94,Sub-Healthy
2026-03-28 07:20:00,GEN008,2991,49.8,10.8,292,4.5,0.9,0.97,Sub-Healthy
2026-03-28 08:50:00,GEN009,2973,49.3,10.4,351,4.2,1.3,0.92,Abnormal
2026-03-28 09:15:00,GEN005,3000,50.0,11.0,245,4.9,0.7,0.98,Healthy
2026-03-28 10:45:00,GEN008,2950,49.1,9.8,478,3.5,1.8,0.8,Fault
2026-03-28 11:35:00,GEN006,2992,49.9,10.8,308,4.5,1.0,0.96,Sub-Healthy
2026-03-28 14:20:00,GEN006,2997,49.9,11.0,278,4.8,0.6,0.97,Healthy
2026-03-28 20:30:00,GEN010,2992,49.8,10.8,282,4.3,1.1,0.96,Sub-Healthy
2026-03-28 22:55:00,GEN010,2978,49.5,10.3,375,3.9,1.2,0.93,Abnormal
2026-03-29 00:15:00,GEN010,2986,49.8,10.7,307,4.3,1.1,0.94,Sub-Healthy
2026-03-29 00:55:00,GEN002,2985,49.2,10.4,323,3.8,1.3,0.86,Abnormal
2026-03-29 02:00:00,GEN010,2988,49.8,10.7,303,4.3,1.0,0.93,Sub-Healthy
2026-03-29 03:05:00,GEN001,2991,49.8,10.7,310,4.3,0.9,0.95,Sub-Healthy
2026-03-29 06:00:00,GEN004,2991,49.7,10.8,283,4.4,0.9,0.97,Sub-Healthy
2026-03-29 06:40:00,GEN006,2960,48.7,9.8,520,3.4,2.3,0.64,Fault
2026-03-29 07:10:00,GEN005,2976,49.6,10.4,334,4.0,1.3,0.85,Abnormal
2026-03-29 07:35:00,GEN007,2995,49.8,10.8,296,4.3,0.9,0.96,Sub-Healthy
2026-03-29 08:40:00,GEN009,2999,50.0,11.1,240,5.0,0.7,1.0,Healthy
2026-03-29 09:35:00,GEN005,3005,50.0,11.1,253,4.9,0.7,0.97,Healthy
2026-03-29 09:40:00,GEN007,2990,49.8,10.8,304,4.5,1.1,0.94,Sub-Healthy
2026-03-29 09:45:00,GEN006,3003,49.9,11.0,267,4.7,0.8,1.0,Healthy
2026-03-29 10:05:00,GEN003,2982,49.3,10.4,336,4.1,1.5,0.92,Abnormal
2026-03-29 11:40:00,GEN002,2995,50.1,10.9,249,5.0,0.7,1.0,Healthy
2026-03-29 12:15:00,GEN003,2980,49.6,10.7,354,4.1,1.5,0.89,Abnormal
2026-03-29 15:40:00,GEN002,2995,49.9,10.9,250,5.0,0.7,0.99,Healthy
2026-03-29 17:05:00,GEN006,3002,50.0,10.9,265,4.7,0.7,0.98,Healthy
2026-03-29 19:10:00,GEN007,2991,49.8,10.8,292,4.4,1.0,0.93,Sub-Healthy
2026-03-29 20:20:00,GEN010,2992,49.9,10.7,291,4.5,0.8,0.96,Sub-Healthy
2026-03-29 21:15:00,GEN006,2979,49.4,10.3,397,4.0,1.4,0.89,Abnormal
2026-03-29 21:40:00,GEN008,2995,49.9,10.9,312,4.3,1.0,0.94,Sub-Healthy
2026-03-30 00:30:00,GEN010,2983,49.5,10.6,360,4.0,1.2,0.93,Abnormal
2026-03-30 02:15:00,GEN005,2952,48.1,9.5,421,3.4,2.4,0.77,Fault
2026-03-30 04:35:00,GEN006,3001,50.1,11.0,261,4.9,0.7,0.98,Healthy
2026-03-30 05:15:00,GEN004,2946,49.0,9.4,473,2.8,2.2,0.8,Fault
2026-03-30 06:55:00,GEN007,2976,49.4,10.6,331,4.1,1.2,0.91,Abnormal
2026-03-30 11:30:00,GEN006,3002,50.0,11.0,255,4.8,0.8,0.99,Healthy
2026-03-30 14:50:00,GEN002,2998,50.0,11.0,260,4.6,0.7,1.0,Healthy
2026-03-30 15:20:00,GEN003,3004,49.9,11.0,248,4.6,0.7,0.99,Healthy
2026-03-30 15:40:00,GEN008,2993,49.9,10.7,282,4.4,1.1,0.94,Sub-Healthy
2026-03-30 16:20:00,GEN007,2991,49.8,10.7,288,4.3,0.8,0.97,Sub-Healthy
2026-03-30 16:25:00,GEN010,2978,49.5,10.6,400,3.8,1.2,0.88,Abnormal
2026-03-30 16:55:00,GEN003,2995,49.8,10.9,316,4.3,1.0,0.96,Sub-Healthy
2026-03-30 17:45:00,GEN004,2979,49.7,10.3,366,3.7,1.5,0.9,Abnormal
2026-03-30 19:15:00,GEN005,2989,49.7,10.7,283,4.2,1.1,0.94,Sub-Healthy
2026-03-30 19:50:00,GEN003,2991,49.7,10.9,288,4.5,1.0,0.97,Sub-Healthy
2026-03-30 20:15:00,GEN003,2998,50.0,11.0,242,4.7,0.5,0.99,Healthy
2026-03-30 20:35:00,GEN003,2990,49.8,10.7,308,4.3,0.9,0.94,Sub-Healthy
2026-03-30 21:15:00,GEN009,2970,49.2,10.2,369,4.0,1.3,0.91,Abnormal
2026-03-30 22:20:00,GEN010,2989,49.8,10.9,293,4.3,1.0,0.94,Sub-Healthy
2026-03-31 00:25:00,GEN009,2989,49.8,10.7,295,4.5,0.9,0.94,Sub-Healthy
2026-03-31 02:00:00,GEN004,3003,50.0,11.0,261,4.7,0.5,0.97,Healthy
2026-03-31 03:00:00,GEN009,2975,49.4,10.7,384,4.1,1.3,0.93,Abnormal
2026-03-31 03:10:00,GEN009,2958,48.8,9.5,461,3.2,1.6,0.84,Fault
2026-03-31 03:25:00,GEN005,2974,49.7,10.5,339,3.9,1.3,0.91,Abnormal
2026-03-31 04:05:00,GEN001,3004,49.9,10.9,255,4.9,0.7,0.97,Healthy
2026-03-31 05:05:00,GEN003,2979,49.6,10.5,355,3.8,1.2,0.88,Abnormal
2026-03-31 08:25:00,GEN002,2999,50.0,11.1,262,4.7,0.7,0.97,Healthy
2026-03-31 10:00:00,GEN007,2994,49.7,10.8,309,4.6,1.0,0.94,Sub-Healthy
2026-03-31 11:35:00,GEN003,2987,49.8,10.8,308,4.2,0.9,0.96,Sub-Healthy
2026-03-31 13:10:00,GEN005,2991,49.8,10.8,281,4.5,1.0,0.93,Sub-Healthy
2026-03-31 15:30:00,GEN010,2978,49.3,10.5,364,4.2,1.3,0.87,Abnormal
2026-03-31 18:40:00,GEN002,2994,49.7,10.8,284,4.3,0.8,0.94,Sub-Healthy
2026-03-31 18:55:00,GEN005,2972,49.5,10.3,327,3.9,1.2,0.86,Abnormal
2026-03-31 21:05:00,GEN002,2996,50.1,11.1,256,4.9,0.8,0.99,Healthy
2026-03-31 21:25:00,GEN001,2997,49.9,11.0,276,4.9,0.8,0.99,Healthy
2026-03-31 23:25:00,GEN004,3003,50.0,11.0,251,5.0,0.5,0.98,Healthy
